Date,compound,neg,neu,pos,Close
12/31/2014,-0.8934,0.172,0.746,0.082,119.49
12/30/2014,-0.6996,0.133,0.806,0.06,121.87
12/29/2014,-0.9442,0.319,0.638,0.044,124.93
12/26/2014,-0.7906,0.179,0.726,0.094,124.98
12/24/2014,-0.5859,0.14,0.766,0.094,124.99
12/23/2014,-0.9723,0.272,0.667,0.062,123.56
12/22/2014,-0.9578,0.225,0.674,0.101,123.01
12/19/2014,-0.3818,0.125,0.757,0.118,127.87
12/18/2014,-0.7184,0.121,0.783,0.096,127.6
12/17/2014,-0.872,0.154,0.771,0.074,126.7
12/16/2014,-0.5994,0.143,0.752,0.104,126.79
12/15/2014,-0.7506,0.167,0.776,0.057,125.58
12/12/2014,-0.765,0.142,0.784,0.074,124.49
12/11/2014,-0.875,0.162,0.787,0.051,123.03
12/10/2014,-0.8689,0.124,0.835,0.041,123.8
12/09/2014,-0.8316,0.134,0.786,0.08,123.58
12/08/2014,-0.6486,0.11,0.812,0.077,123.5
12/05/2014,-0.9201,0.203,0.755,0.042,122.16
12/04/2014,-0.9172,0.193,0.774,0.032,123.62
12/03/2014,-0.936,0.209,0.735,0.056,123.82
12/02/2014,-0.9153,0.164,0.739,0.097,123.04
12/01/2014,-0.9628,0.167,0.769,0.064,122.33
11/28/2014,-0.9744,0.238,0.715,0.046,124.71
11/26/2014,-0.9568,0.191,0.768,0.041,124.03
11/25/2014,-0.959,0.181,0.792,0.028,124.37
11/24/2014,-0.9128,0.198,0.734,0.067,124.86
11/21/2014,-0.9081,0.135,0.81,0.055,124.93
11/20/2014,-0.9823,0.279,0.658,0.062,123.48
11/19/2014,-0.9531,0.181,0.777,0.041,123.13
11/18/2014,-0.93,0.227,0.679,0.095,122.15
11/17/2014,-0.8074,0.16,0.712,0.128,122.15
11/14/2014,-0.9658,0.148,0.814,0.038,123.28
11/13/2014,-0.9802,0.197,0.803,0,124.96
11/12/2014,-0.296,0.085,0.855,0.06,123.16
11/11/2014,-0.9413,0.133,0.824,0.043,121.73
11/10/2014,-0.4019,0.108,0.792,0.1,119.25
11/07/2014,-0.9118,0.148,0.784,0.068,117.77
11/06/2014,-0.9836,0.23,0.701,0.07,118.79
11/05/2014,-0.9489,0.172,0.756,0.072,116.74
11/04/2014,-0.9601,0.129,0.846,0.025,119.2
11/03/2014,-0.9287,0.178,0.699,0.123,122.15
10/31/2014,-0.8169,0.129,0.778,0.093,122.18
10/30/2014,-0.9732,0.189,0.74,0.071,123
10/29/2014,-0.959,0.213,0.691,0.095,129.14
10/28/2014,-0.9747,0.2,0.744,0.056,127.15
10/27/2014,-0.9911,0.279,0.656,0.065,126.59
10/24/2014,-0.9774,0.225,0.734,0.041,127.76
10/23/2014,-0.9661,0.172,0.777,0.05,126.7
10/22/2014,-0.6597,0.17,0.716,0.115,127.84
10/21/2014,-0.8729,0.174,0.708,0.118,127.99
10/20/2014,-0.9871,0.283,0.699,0.018,107.08
10/17/2014,-0.9882,0.222,0.778,0,106.63
10/16/2014,-0.8979,0.162,0.743,0.094,111.25
10/15/2014,-0.9825,0.264,0.666,0.07,108.33
10/14/2014,-0.994,0.255,0.716,0.029,106.98
10/13/2014,-0.9677,0.248,0.676,0.076,106.02
10/10/2014,-0.9598,0.199,0.743,0.058,106.18
10/09/2014,-0.9885,0.241,0.709,0.05,105.59
10/08/2014,-0.6555,0.114,0.797,0.09,105.3
10/07/2014,-0.9313,0.185,0.716,0.099,107.32
10/06/2014,0.9555,0,0.76,0.24,109.13
10/03/2014,-0.9936,0.243,0.704,0.053,111.67
10/02/2014,-0.9702,0.2,0.698,0.102,117.25
10/01/2014,-0.8688,0.123,0.839,0.037,119.13
09/30/2014,0.8074,0.096,0.729,0.175,121.46
09/29/2014,-0.8997,0.161,0.741,0.099,121.97
09/26/2014,-0.9915,0.336,0.664,0,121.23
09/25/2014,-0.9756,0.179,0.792,0.029,122.73
09/24/2014,-0.9477,0.156,0.802,0.042,120.94
09/23/2014,-0.8296,0.131,0.782,0.087,121.06
09/22/2014,-0.9584,0.209,0.73,0.061,122.02
09/19/2014,-0.9786,0.21,0.733,0.056,121
09/18/2014,-0.3612,0.085,0.834,0.081,125.16
09/17/2014,-0.9274,0.151,0.768,0.081,124.86
09/16/2014,-0.5423,0.103,0.806,0.091,122.79
09/15/2014,-0.8591,0.16,0.727,0.113,124.93
09/12/2014,0.7783,0.078,0.777,0.145,124.19
09/11/2014,0.1511,0.113,0.752,0.134,124.75
09/10/2014,-0.9657,0.203,0.725,0.071,124.76
09/09/2014,-0.8591,0.155,0.772,0.073,124.07
09/08/2014,-0.7096,0.093,0.855,0.052,123.09
09/05/2014,-0.9349,0.203,0.681,0.116,122.07
09/04/2014,-0.9426,0.247,0.633,0.119,122.06
09/03/2014,-0.9805,0.219,0.711,0.07,120.88
09/02/2014,-0.8126,0.131,0.788,0.081,120.49
08/29/2014,-0.9931,0.282,0.661,0.056,118.74
08/28/2014,-0.9509,0.196,0.777,0.027,120.06
08/27/2014,-0.9837,0.324,0.661,0.015,121.04
08/26/2014,-0.4767,0.147,0.732,0.121,123.2
08/25/2014,-0.9477,0.181,0.775,0.045,122.09
08/22/2014,-0.7059,0.112,0.815,0.073,122.39
08/21/2014,-0.969,0.176,0.774,0.05,122.18
08/20/2014,-0.9814,0.217,0.747,0.036,121.12
08/19/2014,-0.9485,0.192,0.737,0.071,118.14
08/18/2014,-0.6597,0.146,0.748,0.106,118.51
08/15/2014,-0.9517,0.258,0.633,0.109,117.48
08/14/2014,-0.9869,0.148,0.802,0.05,117.35
08/13/2014,-0.8225,0.149,0.727,0.124,118.87
08/12/2014,-0.8432,0.147,0.739,0.114,119.98
08/11/2014,-0.8779,0.12,0.811,0.069,120.3
08/08/2014,-0.9201,0.118,0.808,0.074,120.61
08/07/2014,-0.765,0.116,0.823,0.062,120.68
08/06/2014,-0.9791,0.181,0.761,0.059,120.7
08/05/2014,-0.8184,0.094,0.87,0.036,119.48
08/04/2014,-0.9638,0.148,0.779,0.073,117.32
08/01/2014,-0.9928,0.32,0.61,0.07,118.09
07/31/2014,-0.9888,0.2,0.734,0.066,117.6
07/30/2014,-0.9936,0.32,0.68,0,116.95
07/29/2014,-0.9814,0.167,0.802,0.031,119.54
07/28/2014,-0.9922,0.203,0.771,0.027,120.23
07/25/2014,-0.9686,0.187,0.795,0.018,121.74
07/24/2014,-0.9744,0.192,0.748,0.06,120.75
07/23/2014,-0.9643,0.183,0.738,0.08,120.1
07/22/2014,-0.9855,0.208,0.762,0.03,120.9
07/21/2014,-0.9122,0.136,0.815,0.05,119.61
07/18/2014,-0.9906,0.316,0.663,0.021,118.85
07/17/2014,-0.9857,0.223,0.726,0.051,118.12
07/16/2014,-0.9583,0.162,0.796,0.042,117.58
07/15/2014,-0.9872,0.268,0.69,0.042,116.68
07/14/2014,-0.875,0.194,0.71,0.096,117.88
07/11/2014,-0.9764,0.211,0.699,0.09,117.2
07/10/2014,0.9517,0.082,0.723,0.195,117.67
07/09/2014,-0.1045,0.107,0.79,0.103,117.22
07/08/2014,-0.8779,0.157,0.785,0.059,116.22
07/07/2014,-0.8176,0.101,0.872,0.027,114.25
07/03/2014,-0.9842,0.272,0.659,0.07,116.06
07/02/2014,-0.8929,0.17,0.733,0.097,116.06
07/01/2014,-0.1779,0.095,0.808,0.097,116.03
06/30/2014,0.0258,0.1,0.799,0.101,118.64
06/27/2014,-0.9719,0.187,0.74,0.073,118.98
06/26/2014,-0.8341,0.118,0.788,0.094,118.53
06/25/2014,-0.9876,0.225,0.765,0.009,117.15
06/24/2014,-0.9826,0.232,0.691,0.078,117.36
06/23/2014,-0.9849,0.186,0.766,0.049,116.97
06/20/2014,-0.9874,0.256,0.693,0.051,116.36
06/19/2014,-0.967,0.212,0.716,0.073,116.7
06/18/2014,0.5792,0.112,0.733,0.155,116.92
06/17/2014,-0.2342,0.134,0.747,0.119,117.33
06/16/2014,-0.4939,0.074,0.87,0.056,118.97
06/13/2014,-0.9796,0.193,0.773,0.034,119.34
06/12/2014,0.1531,0.117,0.748,0.136,120.01
06/11/2014,-0.9335,0.178,0.769,0.053,120.08
06/10/2014,-0.8934,0.161,0.74,0.1,121.98
06/09/2014,-0.9744,0.171,0.785,0.043,120.51
06/06/2014,-0.9062,0.161,0.75,0.09,121.5
06/05/2014,-0.7579,0.096,0.873,0.031,120.32
06/04/2014,-0.5994,0.124,0.768,0.107,119.68
06/03/2014,-0.8779,0.166,0.738,0.096,120
06/02/2014,-0.9468,0.147,0.81,0.044,121.09
05/30/2014,-0.9674,0.225,0.708,0.067,119.9
05/29/2014,-0.959,0.191,0.726,0.083,119.12
05/28/2014,-0.4951,0.149,0.717,0.134,118.82
05/27/2014,-0.8625,0.126,0.815,0.059,117.51
05/23/2014,-0.9881,0.213,0.745,0.043,116.99
05/22/2014,-0.7096,0.132,0.783,0.085,114.57
05/21/2014,-0.9524,0.214,0.723,0.063,117.14
05/20/2014,-0.959,0.167,0.781,0.053,117.21
05/19/2014,-0.9863,0.26,0.709,0.031,121.01
05/16/2014,-0.4767,0.131,0.75,0.119,119.35
05/15/2014,-0.9913,0.238,0.727,0.035,119.84
05/14/2014,-0.9471,0.186,0.731,0.083,120.6
05/13/2014,0.7269,0.101,0.748,0.151,118.37
05/12/2014,-0.9913,0.348,0.652,0,116.43
05/09/2014,-0.9647,0.182,0.818,0,116.57
05/08/2014,-0.9635,0.195,0.784,0.021,116
05/07/2014,-0.9671,0.207,0.699,0.094,116.78
05/06/2014,-0.936,0.152,0.778,0.07,116.56
05/05/2014,-0.8555,0.15,0.777,0.073,115.87
05/02/2014,-0.9914,0.314,0.65,0.035,116.54
05/01/2014,-0.9186,0.198,0.683,0.119,117.59
04/30/2014,-0.9501,0.211,0.707,0.082,117.87
04/29/2014,-0.9169,0.19,0.698,0.112,117.28
04/28/2014,-0.9517,0.168,0.769,0.063,117
04/25/2014,-0.9451,0.181,0.719,0.1,115.57
04/24/2014,0.0772,0.062,0.882,0.056,116.06
04/23/2014,-0.9619,0.218,0.671,0.111,118.05
04/22/2014,-0.0112,0.141,0.711,0.148,117.1
04/21/2014,-0.9786,0.237,0.66,0.103,117.51
04/17/2014,-0.9695,0.221,0.712,0.067,117.28
04/16/2014,-0.986,0.239,0.716,0.045,117
04/15/2014,-0.9287,0.174,0.74,0.086,118.48
04/14/2014,-0.3182,0.111,0.787,0.102,119.86
04/11/2014,-0.8689,0.161,0.723,0.116,119.52
04/10/2014,-0.9477,0.166,0.78,0.054,118.49
04/09/2014,-0.6115,0.103,0.8,0.097,117
04/08/2014,-0.9712,0.225,0.697,0.078,118.71
04/07/2014,-0.9776,0.18,0.782,0.039,118.32
04/04/2014,-0.9648,0.192,0.754,0.054,118
04/03/2014,0.2278,0.164,0.672,0.164,119.36
04/02/2014,-0.9816,0.27,0.666,0.064,118.4
04/01/2014,-0.9816,0.203,0.749,0.048,119.26
03/31/2014,-0.3182,0.102,0.819,0.079,118.7
03/28/2014,-0.9081,0.162,0.739,0.1,118.27
03/27/2014,-0.9274,0.184,0.738,0.078,118.77
03/26/2014,-0.25,0.062,0.89,0.048,118.91
03/25/2014,-0.7351,0.098,0.828,0.074,117.67
03/24/2014,-0.9081,0.187,0.7,0.113,117.83
03/21/2014,-0.9793,0.216,0.688,0.096,116.48
03/20/2014,0,0.13,0.735,0.136,116.92
03/19/2014,-0.8271,0.127,0.799,0.074,116.12
03/18/2014,-0.8913,0.147,0.761,0.092,117.12
03/17/2014,-0.9254,0.12,0.799,0.081,116.13
03/14/2014,0.0516,0.132,0.735,0.133,116
03/13/2014,-0.91,0.193,0.683,0.124,115.86
03/12/2014,-0.9571,0.173,0.746,0.081,116.28
03/11/2014,-0.3612,0.138,0.714,0.148,116.14
03/10/2014,-0.9528,0.144,0.826,0.03,115.63
03/07/2014,-0.9423,0.21,0.686,0.104,117.79
03/06/2014,-0.9686,0.256,0.696,0.048,117.49
03/05/2014,-0.9201,0.157,0.769,0.074,117.54
03/04/2014,0.0772,0.179,0.621,0.199,118.73
03/03/2014,-0.9081,0.159,0.803,0.039,115.07
02/28/2014,-0.1027,0.058,0.889,0.053,115.54
02/27/2014,-0.8627,0.141,0.787,0.071,115.57
02/26/2014,-0.9753,0.209,0.698,0.093,115.83
02/25/2014,-0.3707,0.118,0.779,0.103,115.7
02/24/2014,-0.9736,0.186,0.739,0.075,115.1
02/21/2014,-0.9925,0.237,0.724,0.039,114.54
02/20/2014,-0.8788,0.161,0.76,0.079,114.92
02/19/2014,-0.296,0.088,0.832,0.08,114.48
02/18/2014,-0.967,0.171,0.774,0.055,115.03
02/14/2014,-0.34,0.052,0.911,0.038,115.41
02/13/2014,0.8591,0.081,0.769,0.15,112.6
02/12/2014,-0.9201,0.156,0.777,0.067,112.83
02/11/2014,-0.765,0.167,0.714,0.119,111.26
02/10/2014,-0.1926,0.115,0.801,0.084,111.99
02/07/2014,-0.9338,0.177,0.738,0.084,112.82
02/06/2014,-0.9382,0.187,0.74,0.073,112.12
02/05/2014,-0.9491,0.167,0.765,0.068,112.06
02/04/2014,-0.9612,0.227,0.773,0,110.16
02/03/2014,-0.9693,0.216,0.739,0.044,110.97
01/31/2014,-0.9382,0.13,0.821,0.049,110.88
01/30/2014,-0.9545,0.172,0.808,0.019,111.38
01/29/2014,-0.802,0.08,0.867,0.053,110.34
01/28/2014,-0.8582,0.123,0.784,0.093,110.62
01/27/2014,-0.9403,0.12,0.863,0.017,108.52
01/24/2014,0.4051,0.096,0.785,0.119,107.66
01/23/2014,-0.9612,0.159,0.765,0.076,108.04
01/22/2014,-0.9485,0.143,0.818,0.039,109.07
01/21/2014,-0.9062,0.112,0.841,0.047,108.52
01/17/2014,-0.93,0.144,0.799,0.057,108.06
01/16/2014,-0.743,0.1,0.822,0.078,107.8
01/15/2014,-0.872,0.163,0.743,0.094,107.5
01/14/2014,-0.936,0.208,0.665,0.127,107.17
01/13/2014,-0.9738,0.186,0.764,0.051,107
01/10/2014,-0.9919,0.251,0.679,0.069,108
01/09/2014,-0.9468,0.15,0.798,0.051,106.08
01/08/2014,-0.9924,0.204,0.748,0.048,107.2
01/07/2014,-0.7102,0.14,0.746,0.114,111.05
01/06/2014,-0.9883,0.195,0.74,0.065,108.87
01/03/2014,-0.9022,0.131,0.784,0.085,107.85
01/02/2014,0.5267,0.1,0.765,0.135,108.22
12/31/2013,-0.9121,0.14,0.787,0.073,107.81
12/30/2013,-0.969,0.144,0.817,0.039,106.88
12/27/2013,-0.9686,0.161,0.787,0.053,106.39
12/26/2013,-0.9612,0.152,0.764,0.084,105.54
12/24/2013,-0.9874,0.165,0.809,0.026,106.15
12/23/2013,-0.91,0.142,0.773,0.085,106.73
12/20/2013,-0.8271,0.106,0.842,0.052,108.05
12/19/2013,-0.9325,0.161,0.743,0.095,109.95
12/18/2013,0.304,0.081,0.826,0.093,109.01
12/17/2013,-0.9419,0.187,0.728,0.085,110.49
12/16/2013,-0.9798,0.188,0.767,0.045,114.45
12/13/2013,-0.9595,0.172,0.765,0.063,116.41
12/12/2013,-0.9738,0.178,0.744,0.078,115.93
12/11/2013,-0.9824,0.19,0.748,0.062,114.78
12/10/2013,-0.4889,0.059,0.892,0.05,114.82
12/09/2013,-0.9393,0.112,0.844,0.044,114.11
12/06/2013,-0.9793,0.195,0.746,0.059,114.23
12/05/2013,-0.9378,0.16,0.749,0.091,114.3
12/04/2013,-0.9679,0.129,0.803,0.068,114.76
12/03/2013,-0.9931,0.213,0.769,0.017,116.02
12/02/2013,-0.9712,0.234,0.686,0.08,117.14
11/29/2013,0.4019,0.073,0.836,0.092,118.86
11/27/2013,-0.9929,0.2,0.741,0.058,119.18
11/26/2013,-0.9264,0.116,0.835,0.049,119.39
11/25/2013,-0.9282,0.114,0.845,0.041,121.88
11/22/2013,-0.8822,0.141,0.781,0.078,121.95
11/21/2013,-0.9925,0.221,0.746,0.033,121.24
11/20/2013,-0.6966,0.103,0.818,0.079,119.24
11/19/2013,-0.987,0.192,0.753,0.055,117.57
11/18/2013,-0.9596,0.159,0.764,0.077,118.94
11/15/2013,-0.9584,0.161,0.762,0.077,118.49
11/14/2013,-0.9717,0.127,0.837,0.036,118.7
11/13/2013,-0.9724,0.189,0.738,0.073,123.5
11/12/2013,-0.9806,0.167,0.779,0.054,125.17
11/11/2013,-0.9153,0.152,0.737,0.111,122.56
11/08/2013,-0.9468,0.163,0.765,0.072,121.4
11/07/2013,-0.9552,0.128,0.796,0.076,120.47
11/06/2013,-0.9601,0.135,0.799,0.066,120.6
11/05/2013,-0.9592,0.147,0.79,0.063,120.01
11/04/2013,-0.9557,0.15,0.806,0.044,120.2
11/01/2013,-0.959,0.167,0.767,0.066,120.49
10/31/2013,-0.9856,0.197,0.734,0.069,120.25
10/30/2013,-0.9508,0.155,0.769,0.076,119.21
10/29/2013,-0.9781,0.2,0.713,0.087,119.97
10/28/2013,-0.9898,0.25,0.679,0.071,118.81
10/25/2013,-0.9565,0.166,0.774,0.06,119.11
10/24/2013,-0.9578,0.169,0.768,0.063,118.62
10/23/2013,-0.9514,0.122,0.835,0.043,119.42
10/22/2013,-0.9489,0.146,0.808,0.045,119.78
10/21/2013,-0.0516,0.09,0.821,0.089,103.89
10/18/2013,-0.9423,0.136,0.807,0.057,101.79
10/17/2013,-0.9471,0.144,0.777,0.079,103.4
10/16/2013,-0.886,0.134,0.787,0.079,100.74
10/15/2013,-0.6908,0.119,0.783,0.099,100.7
10/14/2013,-0.9882,0.214,0.739,0.047,102.05
10/11/2013,-0.4588,0.113,0.795,0.092,103.29
10/10/2013,-0.975,0.181,0.759,0.06,108.06
10/09/2013,-0.9674,0.176,0.755,0.07,109.86
10/08/2013,-0.9756,0.18,0.777,0.043,111.37
10/07/2013,-0.9856,0.198,0.758,0.044,110
10/04/2013,-0.9855,0.221,0.734,0.046,112.82
10/03/2013,0.2129,0.106,0.761,0.133,116.15
10/02/2013,-0.9245,0.137,0.806,0.057,112.55
10/01/2013,-0.9819,0.16,0.783,0.057,111.83
09/30/2013,-0.9413,0.176,0.718,0.107,111.72
09/27/2013,0.9485,0.082,0.746,0.172,108.98
09/26/2013,-0.4215,0.09,0.827,0.084,110
09/25/2013,-0.9367,0.113,0.815,0.072,108.95
09/24/2013,-0.9206,0.154,0.75,0.096,110.11
09/23/2013,-0.9869,0.204,0.71,0.085,107.9
09/20/2013,-0.9713,0.152,0.817,0.031,108.21
09/19/2013,-0.9913,0.184,0.773,0.043,109.47
09/18/2013,-0.9339,0.165,0.729,0.106,109.06
09/17/2013,-0.8727,0.107,0.825,0.068,108.81
09/16/2013,-0.9555,0.177,0.723,0.1,110.25
09/13/2013,-0.8681,0.138,0.769,0.093,112.92
09/12/2013,-0.7845,0.118,0.788,0.094,116.28
09/11/2013,-0.9494,0.15,0.769,0.081,113.77
09/10/2013,-0.8872,0.111,0.843,0.047,113.42
09/09/2013,-0.9836,0.153,0.807,0.04,111.97
09/06/2013,-0.9874,0.182,0.779,0.038,111.64
09/05/2013,-0.9893,0.17,0.774,0.056,114.49
09/04/2013,-0.9655,0.134,0.823,0.043,116.54
09/03/2013,-0.6705,0.084,0.847,0.069,115.87
08/30/2013,-0.4391,0.113,0.777,0.11,114.17
08/29/2013,-0.9257,0.139,0.793,0.068,115.29
08/28/2013,-0.9348,0.168,0.738,0.094,113.47
08/27/2013,-0.7906,0.159,0.716,0.125,111.25
08/26/2013,-0.9687,0.192,0.711,0.096,112.22
08/23/2013,-0.9118,0.106,0.838,0.056,114.01
08/22/2013,-0.9439,0.157,0.777,0.066,111.59
08/21/2013,-0.9888,0.208,0.767,0.025,110.99
08/20/2013,-0.4767,0.047,0.919,0.034,109.08
08/19/2013,-0.897,0.131,0.773,0.096,109.51
08/16/2013,-0.7351,0.121,0.79,0.089,112
08/15/2013,-0.9903,0.214,0.727,0.059,111.99
08/14/2013,-0.975,0.21,0.734,0.056,112.01
08/13/2013,-0.9861,0.192,0.764,0.045,112.41
08/12/2013,-0.9917,0.268,0.651,0.081,112.1
08/09/2013,-0.9745,0.196,0.708,0.096,112.38
08/08/2013,-0.9485,0.163,0.741,0.096,109.98
08/07/2013,-0.9226,0.142,0.789,0.069,105.26
08/06/2013,0.946,0.049,0.815,0.136,106.18
08/05/2013,-0.9656,0.163,0.766,0.071,106.35
08/02/2013,-0.9831,0.162,0.817,0.021,105.15
08/01/2013,-0.9371,0.126,0.848,0.026,105.21
07/31/2013,-0.9712,0.205,0.687,0.108,104.71
07/30/2013,-0.9136,0.16,0.779,0.061,103.9
07/29/2013,-0.9799,0.151,0.836,0.014,104.2
07/26/2013,-0.4588,0.093,0.825,0.082,103.56
07/25/2013,-0.7003,0.119,0.79,0.091,103.89
07/24/2013,-0.9748,0.169,0.795,0.036,106.24
07/23/2013,-0.9584,0.207,0.793,0,107.29
07/22/2013,-0.9647,0.193,0.718,0.089,107.75
07/19/2013,-0.8689,0.148,0.736,0.115,108.09
07/18/2013,-0.8859,0.102,0.835,0.063,108.61
07/17/2013,-0.9719,0.164,0.795,0.042,107.41
07/16/2013,-0.1901,0.036,0.924,0.04,107.54
07/15/2013,-0.9492,0.075,0.895,0.03,108.2
07/12/2013,-0.955,0.156,0.826,0.018,108.5
07/11/2013,-0.8126,0.13,0.798,0.072,109.75
07/10/2013,-0.9753,0.178,0.754,0.067,110.95
07/09/2013,-0.25,0.139,0.732,0.13,112.84
07/08/2013,-0.9477,0.127,0.849,0.024,114.01
07/05/2013,-0.9169,0.142,0.77,0.088,114.05
07/03/2013,-0.3182,0.101,0.794,0.105,113.52
07/02/2013,-0.9231,0.199,0.657,0.144,113.2
07/01/2013,-0.0772,0.065,0.866,0.069,114.45
06/28/2013,-0.4788,0.113,0.77,0.117,114.33
06/27/2013,-0.9776,0.173,0.761,0.066,113.28
06/26/2013,-0.6126,0.129,0.763,0.109,112.99
06/25/2013,-0.9893,0.196,0.752,0.052,113.05
06/24/2013,-0.8944,0.114,0.849,0.036,112.61
06/21/2013,-0.8395,0.14,0.787,0.074,113.72
06/20/2013,-0.9839,0.169,0.771,0.06,114.98
06/19/2013,-0.91,0.143,0.757,0.1,115.49
06/18/2013,-0.9535,0.119,0.849,0.032,114.99
06/17/2013,-0.9362,0.146,0.785,0.069,115.03
06/14/2013,0.8316,0.078,0.786,0.136,112.58
06/13/2013,-0.6369,0.101,0.817,0.083,113.19
06/12/2013,-0.9682,0.17,0.759,0.07,114.5
06/11/2013,-0.993,0.214,0.7,0.086,114.56
06/10/2013,-0.9413,0.154,0.784,0.062,113.75
06/07/2013,-0.949,0.148,0.775,0.077,113.27
06/06/2013,-0.9897,0.197,0.778,0.025,114.07
06/05/2013,-0.9796,0.137,0.83,0.034,116.42
06/04/2013,-0.9747,0.165,0.744,0.091,115.98
06/03/2013,-0.9287,0.173,0.721,0.106,116.53
05/31/2013,-0.9643,0.122,0.863,0.015,119.32
05/30/2013,-0.9776,0.185,0.71,0.105,120.07
05/29/2013,-0.9698,0.16,0.802,0.038,117.21
05/28/2013,-0.9875,0.197,0.76,0.043,118.16
05/24/2013,-0.9409,0.172,0.727,0.102,117.87
05/23/2013,-0.808,0.131,0.745,0.124,114.97
05/22/2013,-0.9652,0.159,0.756,0.085,115.06
05/21/2013,-0.98,0.187,0.72,0.093,114.86
05/20/2013,-0.9812,0.184,0.759,0.057,115.47
05/17/2013,-0.8316,0.157,0.731,0.112,116.73
05/16/2013,-0.9629,0.154,0.791,0.055,115.66
05/15/2013,-0.9764,0.166,0.749,0.085,114.89
05/14/2013,-0.9746,0.185,0.727,0.088,114.55
05/13/2013,-0.9678,0.162,0.771,0.067,114.93
05/10/2013,-0.9719,0.139,0.824,0.037,114.98
05/09/2013,-0.9882,0.19,0.754,0.056,114.73
05/08/2013,-0.6808,0.104,0.799,0.097,114.32
05/07/2013,-0.9381,0.151,0.762,0.088,113.98
05/06/2013,0.8767,0.102,0.731,0.167,112.98
05/03/2013,-0.9477,0.147,0.765,0.088,112.06
05/02/2013,-0.9618,0.168,0.761,0.071,111.35
05/01/2013,-0.7845,0.102,0.84,0.058,111.04
04/30/2013,-0.9081,0.134,0.766,0.101,111
04/29/2013,-0.9601,0.173,0.77,0.058,109.64
04/26/2013,-0.9944,0.23,0.746,0.024,107.51
04/25/2013,-0.981,0.208,0.704,0.088,107.09
04/24/2013,-0.9799,0.201,0.786,0.013,107.67
04/23/2013,-0.9925,0.198,0.793,0.01,108.33
04/22/2013,-0.9118,0.124,0.834,0.041,107.64
04/19/2013,-0.4809,0.069,0.879,0.052,106.41
04/18/2013,-0.9732,0.159,0.768,0.074,106.91
04/17/2013,-0.9883,0.209,0.761,0.03,106.49
04/16/2013,-0.9219,0.146,0.768,0.086,107
04/15/2013,-0.9831,0.206,0.719,0.076,106.71
04/12/2013,-0.9898,0.189,0.772,0.039,106.95
04/11/2013,-0.975,0.141,0.826,0.034,107.04
04/10/2013,-0.969,0.177,0.763,0.06,106.74
04/09/2013,0.7708,0.105,0.769,0.126,107.1
04/08/2013,-0.8126,0.085,0.866,0.048,106.64
04/05/2013,-0.5475,0.093,0.831,0.076,107.49
04/04/2013,-0.7399,0.129,0.76,0.112,107.39
04/03/2013,-0.9428,0.169,0.723,0.108,107.1
04/02/2013,-0.9893,0.172,0.748,0.081,107.18
04/01/2013,-0.9837,0.188,0.753,0.059,106.83
03/28/2013,-0.9783,0.167,0.784,0.049,106.95
03/27/2013,-0.9075,0.145,0.761,0.094,105.77
03/26/2013,-0.9802,0.183,0.74,0.077,105.94
03/25/2013,-0.9923,0.234,0.747,0.019,105.72
03/22/2013,-0.975,0.177,0.738,0.085,105.18
03/21/2013,-0.8365,0.12,0.788,0.091,105.28
03/20/2013,-0.975,0.15,0.817,0.033,105.93
03/19/2013,-0.9674,0.163,0.773,0.064,106.39
03/18/2013,-0.9657,0.141,0.804,0.055,105.95
03/15/2013,-0.995,0.325,0.627,0.049,106.37
03/14/2013,0.8746,0.033,0.864,0.103,105.72
03/13/2013,-0.9652,0.15,0.749,0.101,105.73
03/12/2013,-0.9175,0.14,0.765,0.095,105.65
03/11/2013,-0.9638,0.211,0.687,0.101,106.06
03/08/2013,-0.7997,0.128,0.779,0.093,105.54
03/07/2013,-0.7537,0.118,0.776,0.106,106.42
03/06/2013,-0.9403,0.13,0.804,0.065,106.37
03/05/2013,-0.9911,0.237,0.681,0.083,107.29
03/04/2013,-0.9878,0.227,0.66,0.113,107.97
03/01/2013,-0.5574,0.123,0.742,0.135,107.45
02/28/2013,-0.9201,0.179,0.735,0.086,110.01
02/27/2013,-0.9432,0.13,0.808,0.061,109.32
02/26/2013,-0.9559,0.176,0.736,0.088,108.62
02/25/2013,-0.9918,0.184,0.757,0.059,109.61
02/22/2013,-0.9873,0.204,0.728,0.067,109.3
02/21/2013,-0.9553,0.188,0.689,0.123,108.75
02/20/2013,-0.9702,0.206,0.692,0.103,108.82
02/19/2013,-0.9607,0.25,0.646,0.104,107.91
02/15/2013,-0.9882,0.218,0.696,0.087,108.29
02/14/2013,-0.8591,0.103,0.814,0.083,108.33
02/13/2013,-0.9856,0.187,0.775,0.038,109.53
02/12/2013,0.8555,0.101,0.74,0.159,111.8
02/11/2013,-0.9735,0.177,0.761,0.061,111.47
02/08/2013,-0.9703,0.147,0.804,0.049,112
02/07/2013,-0.8552,0.103,0.849,0.049,113.56
02/06/2013,-0.8708,0.121,0.829,0.05,115.94
02/05/2013,-0.7269,0.092,0.84,0.068,117.33
02/04/2013,-0.9721,0.18,0.778,0.042,117.08
02/01/2013,0.9238,0.049,0.843,0.108,116.53
01/31/2013,-0.9381,0.151,0.776,0.073,116.15
01/30/2013,-0.8834,0.095,0.864,0.041,115.76
01/29/2013,-0.5624,0.135,0.746,0.119,116.97
01/28/2013,-0.8442,0.113,0.822,0.064,116.96
01/25/2013,-0.9612,0.123,0.837,0.04,118.01
01/24/2013,-0.9729,0.195,0.753,0.051,118.33
01/23/2013,-0.9698,0.128,0.817,0.054,118.14
01/22/2013,-0.9847,0.199,0.757,0.045,117.88
01/18/2013,-0.9545,0.181,0.733,0.086,117.84
01/17/2013,-0.1531,0.072,0.854,0.074,117.92
01/16/2013,-0.9854,0.228,0.718,0.054,117.64
01/15/2013,-0.9771,0.156,0.771,0.073,118.07
01/14/2013,-0.9861,0.225,0.691,0.083,117.81
01/11/2013,-0.9731,0.131,0.818,0.052,117.81
01/10/2013,-0.8074,0.158,0.733,0.109,115.54
01/09/2013,-0.9726,0.19,0.709,0.101,115.5
01/08/2013,-0.9908,0.203,0.738,0.059,114.98
01/07/2013,-0.9813,0.23,0.691,0.079,114.02
01/04/2013,-0.9922,0.266,0.69,0.044,114.73
01/03/2013,-0.984,0.168,0.767,0.065,114.96
01/02/2013,-0.9952,0.253,0.689,0.058,113.88
12/31/2012,-0.9929,0.182,0.769,0.049,113.99
12/28/2012,-0.9534,0.168,0.786,0.046,113.88
12/27/2012,-0.992,0.189,0.777,0.034,110.35
12/26/2012,-0.979,0.181,0.752,0.067,111.17
12/24/2012,-0.9836,0.19,0.747,0.062,112.72
12/21/2012,-0.9501,0.129,0.81,0.061,114.15
12/20/2012,-0.9825,0.17,0.742,0.089,115.49
12/19/2012,-0.9945,0.206,0.771,0.022,117.22
12/18/2012,-0.9413,0.161,0.742,0.097,116.99
12/17/2012,-0.989,0.213,0.759,0.028,117.01
12/14/2012,0.5325,0.105,0.768,0.127,117.2
12/13/2012,-0.9756,0.174,0.745,0.081,118.01
12/12/2012,-0.9716,0.151,0.812,0.037,118.12
12/11/2012,-0.5859,0.147,0.71,0.143,118.65
12/10/2012,-0.9531,0.15,0.792,0.058,118.08
12/07/2012,0.3182,0.116,0.746,0.138,118.71
12/06/2012,-0.6093,0.13,0.763,0.108,119
12/05/2012,-0.5809,0.107,0.785,0.108,117.27
12/04/2012,-0.9559,0.147,0.774,0.079,117.65
12/03/2012,-0.9922,0.188,0.776,0.036,116.99
11/30/2012,-0.8979,0.1,0.825,0.075,117.44
11/29/2012,-0.8168,0.112,0.799,0.089,116.93
11/28/2012,-0.9906,0.206,0.706,0.088,116.83
11/27/2012,-0.9756,0.195,0.739,0.067,116.93
11/26/2012,-0.9888,0.142,0.843,0.016,116.7
11/23/2012,-0.9638,0.171,0.728,0.1,116.48
11/21/2012,-0.9846,0.184,0.741,0.075,116.42
11/20/2012,-0.9955,0.221,0.696,0.083,116.73
11/19/2012,-0.9934,0.246,0.709,0.045,116.52
11/16/2012,-0.9493,0.14,0.791,0.068,116.18
11/15/2012,-0.9246,0.151,0.776,0.073,115.72
11/14/2012,-0.975,0.192,0.781,0.026,115.72
11/13/2012,0.7783,0.057,0.85,0.094,116.17
11/12/2012,-0.8945,0.125,0.804,0.072,115.13
11/09/2012,-0.7369,0.139,0.791,0.071,115.42
11/08/2012,-0.8979,0.116,0.82,0.064,114.74
11/07/2012,-0.91,0.115,0.832,0.052,114.51
11/06/2012,-0.9799,0.142,0.819,0.039,114.5
11/05/2012,-0.9776,0.17,0.775,0.056,113.79
11/02/2012,-0.959,0.136,0.844,0.019,113.05
11/01/2012,-0.9493,0.125,0.82,0.055,114.24
10/31/2012,-0.9769,0.211,0.681,0.108,113.25
10/26/2012,0.2263,0.095,0.802,0.103,113.11
10/25/2012,0,0,0,0,99.09
10/24/2012,0,0,0,0,96.52
10/23/2012,0,0,0,0,96.43
10/22/2012,-0.9876,0.189,0.775,0.036,95.98
10/19/2012,-0.9485,0.146,0.784,0.071,96.3
10/18/2012,-0.9617,0.144,0.815,0.041,95.99
10/17/2012,0.5423,0.09,0.811,0.1,96.48
10/16/2012,-0.9505,0.137,0.821,0.042,95.85
10/15/2012,-0.4215,0.13,0.739,0.131,96.59
10/12/2012,-0.8793,0.101,0.834,0.065,96.6
10/11/2012,-0.9041,0.168,0.718,0.113,96.51
10/10/2012,-0.6249,0.118,0.774,0.108,97.06
10/09/2012,-0.9393,0.095,0.878,0.028,96.93
10/08/2012,-0.9799,0.169,0.786,0.045,97.13
10/05/2012,-0.9638,0.131,0.815,0.053,96.94
10/04/2012,-0.9057,0.12,0.819,0.06,96.98
10/03/2012,-0.8555,0.106,0.845,0.049,96.45
10/02/2012,-0.8935,0.128,0.786,0.085,96.14
10/01/2012,-0.984,0.169,0.773,0.058,96.3
09/28/2012,-0.9692,0.173,0.713,0.114,95.97
09/27/2012,-0.2732,0.077,0.839,0.084,95.84
09/26/2012,-0.8176,0.117,0.777,0.106,91.62
09/25/2012,-0.9884,0.157,0.79,0.053,90.15
09/24/2012,-0.9712,0.173,0.717,0.11,89.87
09/21/2012,-0.9175,0.094,0.847,0.059,91.27
09/20/2012,-0.7464,0.081,0.849,0.07,89.99
09/19/2012,-0.8834,0.14,0.775,0.085,89.81
09/18/2012,0.6486,0.078,0.794,0.128,89.92
09/17/2012,-0.9623,0.132,0.803,0.064,90.03
09/14/2012,-0.9935,0.208,0.744,0.048,90
09/13/2012,-0.9926,0.209,0.733,0.058,89.87
09/12/2012,-0.886,0.142,0.739,0.119,88.7
09/11/2012,-0.9869,0.19,0.736,0.074,88
09/10/2012,-0.9766,0.161,0.758,0.081,88.81
09/07/2012,-0.9957,0.241,0.685,0.073,89.66
09/06/2012,-0.9752,0.166,0.793,0.041,90
09/05/2012,-0.9753,0.172,0.772,0.056,89.45
09/04/2012,-0.9912,0.212,0.707,0.082,89.98
08/31/2012,-0.9709,0.161,0.727,0.112,92.22
08/30/2012,-0.997,0.245,0.723,0.031,93.85
08/29/2012,0.7096,0.057,0.863,0.08,97.94
08/28/2012,-0.9622,0.151,0.765,0.084,99.93
08/27/2012,-0.5719,0.129,0.749,0.122,101.55
08/24/2012,0,0.122,0.742,0.136,101.81
08/23/2012,-0.9735,0.154,0.784,0.062,101.13
08/22/2012,-0.9552,0.151,0.779,0.07,100.5
08/21/2012,-0.9628,0.159,0.746,0.095,101.03
08/20/2012,-0.1779,0.141,0.717,0.142,103.15
08/17/2012,-0.9726,0.197,0.731,0.072,104.22
08/16/2012,-0.9922,0.19,0.767,0.043,102.94
08/15/2012,-0.9633,0.174,0.736,0.09,101.35
08/14/2012,-0.9953,0.312,0.62,0.068,103.35
08/13/2012,-0.9325,0.177,0.71,0.113,102.45
08/10/2012,-0.9716,0.177,0.718,0.104,102.92
08/09/2012,-0.9828,0.189,0.731,0.08,105.65
08/08/2012,-0.9001,0.124,0.785,0.091,108.17
08/07/2012,-0.6553,0.115,0.79,0.094,107.99
08/06/2012,-0.8591,0.124,0.802,0.074,107.51
08/03/2012,-0.6124,0.139,0.744,0.117,111.94
08/02/2012,-0.9826,0.217,0.713,0.069,113.11
08/01/2012,-0.9147,0.107,0.843,0.05,110.92
07/31/2012,-0.9246,0.141,0.777,0.082,114.96
07/30/2012,-0.9928,0.205,0.748,0.047,114.1
07/27/2012,-0.9939,0.252,0.687,0.061,119.8
07/26/2012,-0.993,0.239,0.732,0.029,118.35
07/25/2012,-0.9247,0.134,0.797,0.069,117.46
07/24/2012,-0.9833,0.215,0.678,0.106,117.01
07/23/2012,-0.9936,0.231,0.732,0.037,117.34
07/20/2012,0.8374,0.082,0.774,0.144,117.64
07/19/2012,-0.9914,0.304,0.648,0.049,117.67
07/18/2012,-0.9818,0.252,0.712,0.036,114.65
07/17/2012,-0.9839,0.215,0.723,0.062,115.69
07/16/2012,-0.981,0.208,0.735,0.058,115.81
07/13/2012,0.5106,0.124,0.731,0.144,115.9
07/12/2012,-0.8577,0.179,0.72,0.101,119.24
07/11/2012,-0.9618,0.148,0.812,0.04,122.45
07/10/2012,-0.9744,0.223,0.717,0.061,124.11
07/09/2012,-0.9866,0.216,0.729,0.055,123.65
07/06/2012,-0.9169,0.137,0.807,0.056,126.56
07/05/2012,-0.9468,0.187,0.685,0.128,129.84
07/03/2012,-0.8893,0.107,0.856,0.037,127.11
07/02/2012,-0.9233,0.173,0.734,0.093,133.46
06/29/2012,-0.9545,0.198,0.716,0.086,137.12
06/28/2012,-0.7783,0.111,0.821,0.068,140.29
06/27/2012,-0.7088,0.087,0.858,0.054,143.56
06/26/2012,-0.8709,0.13,0.831,0.039,148.89
06/25/2012,-0.9623,0.195,0.757,0.048,150.22
06/22/2012,-0.9823,0.192,0.746,0.062,149.06
06/21/2012,-0.8625,0.129,0.791,0.08,153.39
06/20/2012,-0.9779,0.177,0.759,0.064,160.87
06/19/2012,-0.9814,0.206,0.76,0.034,164.12
06/18/2012,-0.4854,0.117,0.79,0.093,165.84
06/15/2012,-0.9118,0.134,0.787,0.079,170.31
06/14/2012,-0.9118,0.165,0.718,0.117,166.09
06/13/2012,-0.9325,0.171,0.746,0.083,166.35
06/12/2012,-0.9313,0.159,0.782,0.059,167.1
06/11/2012,-0.987,0.193,0.783,0.024,167.14
06/08/2012,0.1786,0.127,0.723,0.15,170.45
06/07/2012,-0.9794,0.218,0.738,0.043,167.41
06/06/2012,-0.8807,0.107,0.845,0.049,159.55
06/05/2012,-0.9842,0.276,0.63,0.094,162.18
06/04/2012,-0.981,0.226,0.774,0,165.17
06/01/2012,-0.9169,0.14,0.792,0.069,162.32
05/31/2012,-0.9918,0.26,0.688,0.052,161.86
05/30/2012,-0.9738,0.217,0.726,0.057,163.46
05/29/2012,-0.7635,0.098,0.852,0.05,163.27
05/25/2012,-0.9623,0.177,0.766,0.058,160.43
05/24/2012,-0.9854,0.237,0.716,0.047,159.6
05/23/2012,-0.9876,0.239,0.728,0.032,158.58
05/22/2012,-0.9943,0.253,0.701,0.047,162.09
05/21/2012,-0.9786,0.209,0.75,0.041,164.45
05/18/2012,-0.7527,0.182,0.702,0.116,162.01
05/17/2012,-0.8934,0.144,0.765,0.091,156.92
05/16/2012,-0.9682,0.146,0.827,0.027,152.16
05/15/2012,-0.9337,0.177,0.718,0.104,158.13
05/14/2012,-0.8834,0.12,0.835,0.045,159.77
05/11/2012,-0.5023,0.091,0.843,0.066,156.2
05/10/2012,-0.7351,0.086,0.848,0.066,157
05/09/2012,-0.5574,0.148,0.721,0.131,157.98
05/08/2012,0.6908,0.07,0.808,0.122,162.98
05/07/2012,-0.9735,0.206,0.729,0.065,158.15
05/04/2012,0.34,0.154,0.661,0.185,156.87
05/03/2012,0.5994,0.079,0.798,0.123,155.38
05/02/2012,-0.0516,0.105,0.791,0.104,153.52
05/01/2012,-0.9382,0.16,0.746,0.094,154.94
04/30/2012,0.9517,0,0.863,0.137,152.08
04/27/2012,-0.9826,0.221,0.683,0.097,159.68
04/26/2012,-0.8176,0.127,0.793,0.08,158.66
04/25/2012,-0.9931,0.312,0.654,0.034,165.61
04/24/2012,-0.9913,0.289,0.651,0.06,173.89
04/23/2012,-0.9325,0.173,0.723,0.104,170.64
04/20/2012,-0.9538,0.203,0.725,0.072,170.68
04/19/2012,-0.9371,0.187,0.696,0.117,165.71
04/18/2012,-0.936,0.147,0.838,0.015,167.56
04/17/2012,-0.9812,0.258,0.658,0.084,165.44
04/16/2012,-0.982,0.277,0.676,0.047,160.48
04/13/2012,-0.8934,0.169,0.711,0.12,152.46
04/12/2012,-0.9712,0.216,0.676,0.107,151.76
04/11/2012,-0.9904,0.254,0.712,0.034,150.08
04/10/2012,-0.9666,0.183,0.769,0.048,147.16
04/09/2012,-0.941,0.198,0.745,0.056,145.75
04/05/2012,-0.9506,0.215,0.724,0.061,142.78
04/04/2012,-0.7783,0.119,0.817,0.064,147.57
04/03/2012,0.2732,0.092,0.795,0.113,149.85
04/02/2012,-0.9803,0.186,0.759,0.055,147.85
03/30/2012,-0.9643,0.309,0.579,0.112,147.93
03/29/2012,-0.9217,0.144,0.791,0.065,146.24
03/28/2012,-0.9769,0.189,0.759,0.051,148.16
03/27/2012,-0.9921,0.337,0.663,0,152.96
03/26/2012,-0.9231,0.153,0.794,0.053,149.86
03/23/2012,-0.9001,0.136,0.808,0.056,149.26
03/22/2012,-0.961,0.207,0.713,0.081,149.95
03/21/2012,-0.7351,0.105,0.824,0.071,148.08
03/20/2012,-0.8779,0.166,0.738,0.096,147.32
03/19/2012,-0.987,0.232,0.689,0.079,147.06
03/16/2012,-0.8676,0.16,0.733,0.107,147.83
03/15/2012,-0.9702,0.186,0.736,0.078,145.32
03/14/2012,-0.9381,0.195,0.678,0.127,142.79
03/13/2012,-0.986,0.26,0.631,0.108,146.54
03/12/2012,-0.9631,0.215,0.654,0.131,149.41
03/09/2012,-0.8885,0.161,0.756,0.083,149.22
03/08/2012,-0.9674,0.151,0.809,0.04,150.78
03/07/2012,-0.8519,0.164,0.716,0.121,157.5
03/06/2012,-0.9732,0.233,0.657,0.109,159.66
03/05/2012,-0.5719,0.093,0.833,0.074,159.17
03/02/2012,-0.9781,0.309,0.613,0.078,161.58
03/01/2012,-0.984,0.263,0.684,0.053,160.4
02/29/2012,-0.9783,0.299,0.615,0.086,159.16
02/28/2012,-0.9854,0.301,0.67,0.029,159.12
02/27/2012,-0.9567,0.213,0.672,0.114,161.3
02/24/2012,-0.9274,0.165,0.792,0.043,158.88
02/23/2012,-0.9413,0.18,0.779,0.041,160.11
02/22/2012,-0.9201,0.202,0.692,0.106,158.84
02/21/2012,0.5859,0.058,0.817,0.125,159.8
02/17/2012,-0.9118,0.185,0.723,0.092,161.04
02/16/2012,-0.9682,0.174,0.826,0,162.51
02/15/2012,-0.9485,0.186,0.79,0.024,162.7
02/14/2012,-0.9274,0.216,0.661,0.123,162.31
02/13/2012,-0.986,0.238,0.711,0.051,162.99
02/10/2012,-0.5538,0.141,0.758,0.1,162.79
02/09/2012,-0.8934,0.121,0.836,0.043,162.11
02/08/2012,-0.8918,0.14,0.81,0.049,161.12
02/07/2012,-0.9616,0.277,0.62,0.103,161.28
02/06/2012,-0.9352,0.198,0.716,0.087,162.04
02/03/2012,-0.9468,0.21,0.668,0.122,162.2
02/02/2012,-0.9758,0.192,0.808,0,162.4
02/01/2012,-0.8622,0.153,0.739,0.107,161.54
01/31/2012,-0.9732,0.199,0.801,0,162.18
01/30/2012,-0.9747,0.24,0.738,0.022,164.31
01/27/2012,-0.9544,0.171,0.743,0.086,165.78
01/26/2012,-0.8807,0.126,0.812,0.061,163.96
01/25/2012,-0.98,0.214,0.744,0.042,162.84
01/24/2012,-0.9843,0.262,0.691,0.047,162.5
01/23/2012,-0.8807,0.142,0.776,0.082,161.72
01/20/2012,-0.9648,0.217,0.758,0.026,161.21
01/19/2012,-0.9552,0.147,0.824,0.029,166.63
01/18/2012,-0.9211,0.22,0.686,0.094,164.45
01/17/2012,-0.3182,0.149,0.695,0.156,165.11
01/13/2012,-0.1027,0.081,0.841,0.078,163.79
01/12/2012,-0.9686,0.188,0.764,0.048,162.87
01/11/2012,-0.8955,0.185,0.713,0.102,163.17
01/10/2012,-0.8839,0.149,0.762,0.089,167.13
01/09/2012,-0.7096,0.114,0.811,0.075,173.44
01/06/2012,-0.9729,0.189,0.756,0.056,181.57
01/05/2012,-0.1779,0.113,0.782,0.105,180.09
01/04/2012,-0.886,0.171,0.737,0.092,181.1
01/03/2012,-0.9468,0.175,0.802,0.022,179.22
12/30/2011,-0.7783,0.103,0.836,0.061,178
12/29/2011,-0.9468,0.2,0.744,0.056,178.32
12/28/2011,-0.9937,0.303,0.677,0.021,175.97
12/27/2011,-0.9875,0.274,0.655,0.07,174.3
12/23/2011,-0.9216,0.181,0.721,0.098,174.66
12/22/2011,-0.9783,0.265,0.682,0.053,173.12
12/21/2011,0.34,0.125,0.729,0.146,169.98
12/20/2011,-0.9652,0.25,0.676,0.074,168.82
12/19/2011,-0.5943,0.176,0.661,0.163,166.63
12/16/2011,-0.9753,0.257,0.675,0.068,165.79
12/15/2011,-0.9881,0.347,0.592,0.061,165.36
12/14/2011,-0.6486,0.159,0.72,0.121,166.76
12/13/2011,-0.9538,0.183,0.759,0.059,164.45
12/12/2011,-0.128,0.073,0.849,0.078,166.78
12/09/2011,-0.7094,0.142,0.745,0.114,165.01
12/08/2011,-0.886,0.171,0.794,0.035,162.82
12/07/2011,-0.9792,0.249,0.729,0.022,164.36
12/06/2011,-0.9802,0.241,0.706,0.053,164.12
12/05/2011,-0.8519,0.164,0.737,0.1,162.75
12/02/2011,-0.891,0.114,0.866,0.02,163.01
12/01/2011,-0.982,0.235,0.729,0.036,159.79
11/30/2011,-0.9796,0.256,0.643,0.1,159.84
11/29/2011,-0.9349,0.148,0.812,0.04,161.46
11/28/2011,-0.994,0.31,0.69,0,160.88
11/25/2011,0.4201,0.079,0.831,0.09,160.45
11/23/2011,-0.8834,0.13,0.774,0.096,160.83
11/22/2011,-0.926,0.149,0.79,0.061,158.69
11/21/2011,-0.9623,0.208,0.741,0.051,156.75
11/18/2011,-0.8867,0.123,0.808,0.069,160.78
11/17/2011,-0.9719,0.247,0.661,0.093,162.3
11/16/2011,-0.9865,0.249,0.693,0.058,166.98
11/15/2011,-0.8656,0.155,0.745,0.1,170.88
11/14/2011,-0.9771,0.239,0.717,0.044,172.45
11/11/2011,-0.9694,0.191,0.794,0.015,180.12
11/10/2011,-0.9806,0.189,0.752,0.059,184.18
11/09/2011,-0.9101,0.164,0.75,0.086,186.59
11/08/2011,-0.975,0.173,0.768,0.059,183.91
11/07/2011,-0.9712,0.208,0.692,0.1,183.75
11/04/2011,-0.0258,0.089,0.823,0.088,182.95
11/03/2011,-0.9442,0.253,0.623,0.125,181.56
11/02/2011,-0.9758,0.225,0.724,0.051,182.81
11/01/2011,-0.9274,0.164,0.739,0.097,178.3
10/31/2011,0.7759,0.109,0.742,0.148,178.73
10/28/2011,-0.9867,0.193,0.798,0.009,179.92
10/27/2011,-0.34,0.094,0.817,0.088,164.01
10/26/2011,0.3182,0.133,0.712,0.155,160.17
10/25/2011,-0.9741,0.188,0.795,0.017,162.22
10/24/2011,-0.8463,0.116,0.799,0.085,168.1
10/21/2011,-0.8937,0.147,0.754,0.099,170.96
10/20/2011,-0.9818,0.248,0.665,0.087,170.15
10/19/2011,-0.94,0.158,0.737,0.105,174.31
10/18/2011,-0.9538,0.156,0.789,0.055,175.55
10/17/2011,0.5978,0.108,0.749,0.143,177.25
10/14/2011,-0.9643,0.188,0.737,0.075,178
10/13/2011,0.9391,0.102,0.722,0.176,176.7
10/12/2011,-0.9849,0.22,0.699,0.082,177.18
10/11/2011,-0.9623,0.176,0.722,0.102,178.44
10/10/2011,-0.7023,0.151,0.756,0.093,178.12
10/07/2011,-0.9726,0.203,0.709,0.088,182.25
10/06/2011,-0.9042,0.198,0.692,0.11,181.09
10/05/2011,-0.8834,0.141,0.771,0.089,180.9
10/04/2011,-0.9842,0.185,0.768,0.047,189.28
10/03/2011,-0.9922,0.234,0.728,0.038,191.96
09/30/2011,-0.9287,0.133,0.81,0.057,192.11
09/29/2011,-0.9866,0.218,0.733,0.049,187.27
09/28/2011,-0.9375,0.097,0.862,0.041,182.94
09/27/2011,-0.9876,0.242,0.697,0.062,189.14
09/26/2011,-0.7351,0.126,0.78,0.093,184.14
09/23/2011,-0.946,0.161,0.769,0.07,184.94
09/22/2011,-0.7269,0.149,0.726,0.125,188.88
09/21/2011,-0.9042,0.152,0.731,0.117,186.17
09/20/2011,-0.886,0.168,0.721,0.111,184.85
09/19/2011,-0.9296,0.121,0.822,0.057,184.72
09/16/2011,0.8271,0.092,0.774,0.134,185.21
09/15/2011,-0.9771,0.218,0.73,0.052,184.13
09/14/2011,-0.8256,0.094,0.856,0.051,180.35
09/13/2011,-0.9313,0.135,0.798,0.067,180.61
09/12/2011,-0.9874,0.226,0.683,0.091,186.79
09/09/2011,-0.91,0.116,0.837,0.047,181.98
09/08/2011,-0.9581,0.149,0.78,0.071,180.96
09/07/2011,-0.9779,0.14,0.849,0.011,180.65
09/06/2011,-0.9716,0.176,0.751,0.073,180.16
09/02/2011,-0.7964,0.12,0.801,0.08,183.53
09/01/2011,-0.9817,0.191,0.746,0.063,183.95
08/31/2011,0.7217,0.1,0.776,0.123,186.04
08/30/2011,-0.8625,0.138,0.761,0.101,184.14
08/29/2011,-0.8126,0.151,0.738,0.112,182.54
08/26/2011,-0.4404,0.047,0.932,0.021,184.75
08/25/2011,-0.9403,0.164,0.76,0.077,182.67
08/24/2011,-0.8555,0.109,0.796,0.095,185.99
08/23/2011,-0.9831,0.217,0.704,0.079,184.62
08/22/2011,-0.7968,0.133,0.772,0.095,184.2
08/19/2011,-0.9954,0.295,0.681,0.024,188.33
08/18/2011,-0.9605,0.18,0.762,0.057,193.23
08/17/2011,-0.8834,0.178,0.716,0.106,192.36
08/16/2011,-0.9924,0.283,0.657,0.06,189.71
08/15/2011,-0.8957,0.162,0.709,0.129,188.63
08/12/2011,-0.6927,0.133,0.752,0.115,189.78
08/11/2011,-0.9723,0.21,0.69,0.1,188.9
08/10/2011,-0.9888,0.259,0.68,0.061,189.93
08/09/2011,-0.9866,0.236,0.674,0.091,185.67
08/08/2011,-0.9805,0.195,0.705,0.1,185.97
08/05/2011,-0.9666,0.145,0.834,0.021,185.87
08/04/2011,-0.8555,0.155,0.737,0.108,187.63
08/03/2011,-0.8984,0.153,0.755,0.092,187.13
08/02/2011,-0.9349,0.142,0.774,0.084,183.55
08/01/2011,-0.9569,0.158,0.725,0.116,182.06
07/29/2011,-0.9938,0.201,0.74,0.059,178.61
07/28/2011,-0.6808,0.127,0.758,0.116,178.7
07/27/2011,-0.9711,0.152,0.823,0.025,180.34
07/26/2011,-0.9783,0.188,0.73,0.082,184.79
07/25/2011,-0.9657,0.172,0.725,0.104,182.69
07/22/2011,-0.9895,0.207,0.698,0.095,184.98
07/21/2011,-0.9493,0.132,0.794,0.073,188.55
07/20/2011,-0.959,0.18,0.725,0.096,193.79
07/19/2011,-0.9652,0.133,0.82,0.048,194.07
07/18/2011,-0.9953,0.181,0.789,0.03,194.01
07/15/2011,-0.9818,0.145,0.809,0.046,192.62
07/14/2011,-0.9029,0.141,0.743,0.116,191.94
07/13/2011,-0.9825,0.159,0.76,0.082,191.04
07/12/2011,-0.9979,0.206,0.762,0.033,189.41
07/11/2011,-0.978,0.149,0.776,0.075,190.69
07/08/2011,-0.9955,0.223,0.72,0.057,188.07
07/07/2011,-0.9607,0.125,0.797,0.079,187.68
07/06/2011,-0.9763,0.147,0.805,0.048,189.61
07/05/2011,-0.9921,0.153,0.826,0.021,189.61
07/01/2011,-0.9943,0.188,0.729,0.083,188.22
06/30/2011,-0.9858,0.147,0.792,0.061,191.88
06/29/2011,-0.9943,0.172,0.77,0.058,189.89
06/28/2011,-0.9918,0.169,0.766,0.065,190.08
06/27/2011,-0.9946,0.167,0.803,0.03,189.72
06/24/2011,-0.9904,0.159,0.8,0.04,188.98
06/23/2011,-0.9898,0.168,0.778,0.054,188.3
06/22/2011,-0.9842,0.19,0.739,0.071,188.02
06/21/2011,-0.9952,0.182,0.763,0.055,187.17
06/20/2011,-0.1852,0.102,0.806,0.092,189.9
06/17/2011,-0.9865,0.139,0.791,0.07,190.31
06/16/2011,-0.9573,0.121,0.798,0.081,190.42
06/15/2011,-0.9929,0.162,0.793,0.045,188.67
06/14/2011,-0.9974,0.22,0.73,0.05,182.18
06/13/2011,-0.988,0.14,0.79,0.069,183.2
06/10/2011,-0.2598,0.088,0.832,0.08,185.02
06/09/2011,-0.9667,0.16,0.758,0.083,189.85
06/08/2011,-0.9872,0.157,0.794,0.049,187.65
06/07/2011,-0.9742,0.147,0.771,0.083,185.63
06/06/2011,-0.6322,0.08,0.848,0.072,185.98
06/03/2011,-0.9703,0.164,0.733,0.103,186.87
06/02/2011,-0.9941,0.199,0.743,0.058,186.02
06/01/2011,-0.994,0.196,0.745,0.059,185.05
05/31/2011,-0.9753,0.145,0.779,0.076,185.01
05/27/2011,0.4939,0.122,0.743,0.135,183.97
05/26/2011,-0.9737,0.121,0.816,0.063,185.04
05/25/2011,-0.4005,0.105,0.791,0.103,189.56
05/24/2011,-0.982,0.172,0.763,0.065,188.99
05/23/2011,-0.9771,0.175,0.765,0.06,190.78
05/20/2011,-0.7269,0.121,0.779,0.1,189.31
05/19/2011,-0.9686,0.125,0.805,0.069,188.18
05/18/2011,-0.5106,0.124,0.762,0.115,186.77
05/17/2011,-0.9903,0.195,0.729,0.076,187.24
05/16/2011,-0.9902,0.189,0.719,0.093,190.51
05/13/2011,0.3895,0.066,0.857,0.077,188.07
05/12/2011,-0.981,0.159,0.801,0.04,197.47
05/11/2011,-0.9899,0.187,0.744,0.069,194.9
05/10/2011,-0.9892,0.179,0.766,0.055,204.62
05/09/2011,-0.9801,0.162,0.771,0.066,211.41
05/06/2011,-0.9865,0.167,0.765,0.068,213.9
05/05/2011,-0.8591,0.091,0.842,0.067,210.85
05/04/2011,-0.9618,0.142,0.78,0.078,208.82
05/03/2011,-0.9956,0.227,0.704,0.069,208.35
05/02/2011,-0.9879,0.222,0.72,0.057,207.82
04/29/2011,-0.965,0.142,0.783,0.076,211.8
04/28/2011,-0.9938,0.219,0.743,0.038,207.59
04/27/2011,-0.8519,0.128,0.758,0.114,201.46
04/26/2011,-0.9349,0.13,0.781,0.089,200.1
04/25/2011,-0.9101,0.115,0.813,0.072,209.18
04/21/2011,-0.9877,0.186,0.712,0.102,209.82
04/20/2011,-0.9954,0.188,0.759,0.053,209.54
04/19/2011,-0.9942,0.223,0.716,0.062,206.08
04/18/2011,-0.9829,0.182,0.736,0.082,200.84
04/15/2011,-0.9741,0.144,0.814,0.041,203.8
04/14/2011,0.8918,0.054,0.85,0.095,213.68
04/13/2011,-0.9378,0.089,0.866,0.045,212.94
04/12/2011,-0.9272,0.134,0.767,0.099,212.52
04/11/2011,-0.9866,0.19,0.745,0.066,208.44
04/08/2011,-0.9885,0.155,0.772,0.074,207.06
04/07/2011,-0.9325,0.108,0.832,0.06,206.39
04/06/2011,-0.9935,0.199,0.766,0.035,206.94
04/05/2011,-0.8555,0.114,0.795,0.091,208.3
04/04/2011,-0.9796,0.147,0.782,0.071,214.11
04/01/2011,-0.7351,0.12,0.796,0.085,211.57
03/31/2011,-0.5574,0.12,0.775,0.105,216.51
03/30/2011,-0.9655,0.125,0.79,0.086,215.36
03/29/2011,-0.9912,0.196,0.732,0.072,213.39
03/28/2011,-0.9873,0.179,0.738,0.084,214.6
03/25/2011,-0.9423,0.135,0.784,0.081,214.53
03/24/2011,-0.9812,0.182,0.74,0.078,216.15
03/23/2011,-0.9841,0.16,0.767,0.073,217.07
03/22/2011,-0.9904,0.166,0.777,0.057,214.49
03/21/2011,-0.9681,0.109,0.834,0.057,213.59
03/18/2011,-0.9933,0.184,0.766,0.05,214.74
03/17/2011,-0.9681,0.149,0.761,0.09,215.15
03/16/2011,-0.9723,0.111,0.834,0.055,213.11
03/15/2011,-0.9906,0.196,0.744,0.061,211.85
03/14/2011,-0.9802,0.182,0.717,0.101,214.48
03/11/2011,-0.995,0.212,0.752,0.036,213.21
03/10/2011,-0.9927,0.193,0.75,0.057,211.76
03/09/2011,-0.9893,0.16,0.788,0.052,207
03/08/2011,-0.7761,0.097,0.81,0.093,209.49
03/07/2011,-0.9842,0.161,0.794,0.045,209.65
03/04/2011,-0.993,0.169,0.79,0.041,208.7
03/03/2011,-0.9841,0.145,0.815,0.04,208.58
03/02/2011,-0.9679,0.184,0.734,0.082,207.44
03/01/2011,-0.9922,0.181,0.776,0.043,204.75
02/28/2011,-0.8999,0.108,0.817,0.075,201.56
02/25/2011,-0.8979,0.113,0.814,0.073,201.43
02/24/2011,-0.9854,0.156,0.804,0.041,201.15
02/23/2011,-0.985,0.169,0.766,0.065,204.39
02/22/2011,-0.9971,0.251,0.709,0.04,205.98
02/18/2011,-0.8478,0.134,0.761,0.105,209.6
02/17/2011,-0.2815,0.125,0.75,0.125,208.91
02/16/2011,-0.9913,0.22,0.72,0.06,208.03
02/15/2011,-0.3382,0.09,0.824,0.085,208
02/14/2011,0.7506,0.078,0.808,0.114,207.38
02/11/2011,-0.913,0.132,0.78,0.088,208.03
02/10/2011,-0.99,0.176,0.791,0.033,207.63
02/09/2011,-0.9851,0.187,0.74,0.073,207.99
02/08/2011,-0.9972,0.257,0.697,0.045,211.01
02/07/2011,-0.9985,0.297,0.651,0.052,215.13
02/04/2011,-0.9853,0.182,0.751,0.067,222.42
02/03/2011,0.1719,0.099,0.797,0.104,224.84
02/02/2011,-0.9945,0.205,0.71,0.085,221.72
02/01/2011,-0.9946,0.219,0.723,0.058,218.56
01/31/2011,-0.9946,0.224,0.733,0.043,216.65
01/28/2011,-0.9873,0.134,0.838,0.029,217.64
01/27/2011,-0.9937,0.232,0.667,0.102,216.26
01/26/2011,-0.9793,0.153,0.788,0.059,216.03
01/25/2011,-0.9938,0.247,0.669,0.084,218.8
01/24/2011,-0.9853,0.235,0.707,0.058,220.02
01/21/2011,-0.9906,0.173,0.774,0.053,218.46
01/20/2011,-0.9806,0.135,0.807,0.058,219.57
01/19/2011,-0.9361,0.165,0.708,0.126,215.99
01/18/2011,-0.9927,0.169,0.795,0.036,217.54
01/14/2011,-0.9924,0.198,0.75,0.053,217.82
01/13/2011,-0.9877,0.155,0.8,0.045,217.1
01/12/2011,-0.7574,0.142,0.736,0.122,217.96
01/11/2011,-0.9942,0.194,0.766,0.04,218.01
01/10/2011,-0.4694,0.142,0.718,0.139,215.7
01/07/2011,-0.995,0.197,0.764,0.039,215.71
01/06/2011,-0.9968,0.225,0.755,0.019,213.69
01/05/2011,-0.9954,0.183,0.77,0.046,213.88
01/04/2011,-0.9886,0.136,0.793,0.071,212.82
01/03/2011,-0.9699,0.128,0.809,0.062,212.36
12/31/2010,-0.993,0.191,0.707,0.101,215.42
12/30/2010,-0.9715,0.146,0.774,0.08,211.36
12/29/2010,-0.9896,0.173,0.756,0.072,206.43
12/28/2010,-0.8187,0.116,0.79,0.094,207.95
12/27/2010,-0.9923,0.18,0.769,0.051,210.47
12/23/2010,-0.9716,0.134,0.789,0.078,211.53
12/22/2010,-0.995,0.205,0.72,0.075,212.76
12/21/2010,-0.9956,0.189,0.76,0.05,212.91
12/20/2010,0.6705,0.088,0.797,0.115,210.42
12/17/2010,-0.9907,0.185,0.773,0.042,208.09
12/16/2010,-0.9907,0.149,0.807,0.043,204.36
12/15/2010,-0.9813,0.133,0.807,0.06,203.71
12/14/2010,0.2283,0.097,0.802,0.102,197.91
12/13/2010,-0.9823,0.141,0.797,0.063,201.84
12/10/2010,-0.9826,0.154,0.768,0.078,202.48
12/09/2010,-0.9898,0.174,0.739,0.087,202.48
12/08/2010,-0.9939,0.182,0.767,0.051,204.41
12/07/2010,-0.6369,0.129,0.74,0.131,205.49
12/06/2010,-0.9512,0.123,0.798,0.079,205.05
12/03/2010,-0.9734,0.133,0.785,0.082,203.99
12/02/2010,-0.9862,0.15,0.781,0.069,204.44
12/01/2010,-0.9654,0.135,0.778,0.087,203.68
11/30/2010,-0.9956,0.195,0.737,0.067,203.23
11/29/2010,-0.9857,0.141,0.784,0.075,203.71
11/26/2010,-0.9945,0.188,0.765,0.048,202.85
11/24/2010,-0.9966,0.227,0.721,0.051,200.91
11/23/2010,-0.9928,0.169,0.791,0.04,200.2
11/22/2010,-0.9514,0.091,0.858,0.051,202.61
11/19/2010,-0.9799,0.167,0.758,0.076,201.89
11/18/2010,-0.9415,0.129,0.764,0.106,200.26
11/17/2010,-0.921,0.135,0.76,0.106,198.9
11/16/2010,-0.9794,0.146,0.773,0.081,197.69
11/15/2010,-0.995,0.178,0.755,0.067,196.01
11/12/2010,-0.9967,0.218,0.706,0.076,199.97
11/11/2010,-0.9938,0.185,0.756,0.058,189.55
11/10/2010,-0.9853,0.143,0.789,0.068,185.25
11/09/2010,-0.9956,0.194,0.754,0.052,187.64
11/08/2010,-0.9895,0.189,0.725,0.086,188.28
11/05/2010,-0.9716,0.129,0.786,0.085,190.16
11/04/2010,-0.6229,0.11,0.787,0.102,187.5
11/03/2010,-0.9926,0.161,0.791,0.049,185.94
11/02/2010,-0.9878,0.156,0.79,0.054,179.94
11/01/2010,-0.9722,0.155,0.757,0.088,176.29
10/29/2010,-0.9552,0.139,0.779,0.081,169.4
10/28/2010,-0.991,0.202,0.74,0.058,177.87
10/27/2010,-0.505,0.097,0.818,0.086,184.96
10/26/2010,-0.991,0.16,0.794,0.046,187.66
10/25/2010,-0.99,0.148,0.794,0.058,185.62
10/22/2010,-0.974,0.158,0.764,0.078,181.32
10/21/2010,-0.9904,0.159,0.774,0.067,175.41
10/20/2010,-0.9918,0.191,0.745,0.064,174.11
10/19/2010,-0.2746,0.087,0.832,0.081,181.68
10/18/2010,0.4822,0.095,0.785,0.12,184.35
10/15/2010,-0.9956,0.203,0.735,0.062,179.13
10/14/2010,-0.9886,0.176,0.744,0.081,181.35
10/13/2010,-0.9916,0.174,0.747,0.079,181.67
10/12/2010,-0.9903,0.173,0.732,0.095,188.51
10/11/2010,-0.9233,0.116,0.806,0.078,185.19
10/08/2010,-0.9828,0.137,0.813,0.05,185.02
10/07/2010,-0.936,0.125,0.779,0.095,184.9
10/06/2010,-0.9839,0.17,0.73,0.1,194.14
10/05/2010,-0.9906,0.178,0.78,0.042,195.34
10/04/2010,-0.9911,0.172,0.765,0.063,195.97
10/01/2010,-0.9939,0.206,0.721,0.073,200.1
09/30/2010,-0.9775,0.158,0.747,0.095,195.76
09/29/2010,0.2582,0.097,0.812,0.092,196.89
09/28/2010,-0.9952,0.171,0.785,0.044,200.6
09/27/2010,-0.9884,0.155,0.802,0.043,203.01
09/24/2010,-0.9204,0.144,0.739,0.116,199.29
09/23/2010,-0.9821,0.14,0.794,0.065,199.03
09/22/2010,-0.9711,0.111,0.839,0.05,200.02
09/21/2010,-0.9927,0.183,0.776,0.041,200.23
09/20/2010,-0.9766,0.131,0.814,0.054,199.98
09/17/2010,-0.7059,0.12,0.765,0.115,203.48
09/16/2010,-0.9941,0.196,0.727,0.077,201.25
09/15/2010,-0.9749,0.147,0.755,0.097,195.92
09/14/2010,-0.9554,0.128,0.779,0.094,197.23
09/13/2010,-0.9731,0.155,0.764,0.081,195.98
09/10/2010,-0.9875,0.175,0.75,0.075,196.96
09/09/2010,-0.9926,0.186,0.743,0.071,197.32
09/08/2010,-0.9801,0.137,0.789,0.074,196.94
09/07/2010,-0.8265,0.107,0.809,0.084,196.12
09/03/2010,-0.9319,0.106,0.823,0.071,193.93
09/02/2010,-0.9911,0.179,0.753,0.068,193.06
09/01/2010,-0.9443,0.134,0.769,0.098,195.89
08/31/2010,-0.8992,0.098,0.827,0.075,194.11
08/30/2010,-0.9563,0.138,0.768,0.094,203.28
08/27/2010,-0.9948,0.197,0.712,0.091,212.91
08/26/2010,-0.9867,0.128,0.842,0.03,209.95
08/25/2010,-0.9129,0.101,0.824,0.075,209.42
08/24/2010,-0.8574,0.098,0.827,0.075,209.98
08/23/2010,-0.9889,0.181,0.719,0.099,209.1
08/20/2010,-0.9712,0.126,0.819,0.055,199.96
08/19/2010,-0.9775,0.144,0.781,0.075,204.8
08/18/2010,-0.9109,0.133,0.764,0.103,203.3
08/17/2010,-0.9972,0.221,0.713,0.067,205.57
08/16/2010,-0.9909,0.214,0.714,0.072,203.76
08/13/2010,0.4276,0.08,0.826,0.094,203.15
08/12/2010,-0.9485,0.119,0.811,0.07,202.23
08/11/2010,-0.9628,0.123,0.839,0.038,201.92
08/10/2010,-0.9869,0.149,0.807,0.045,204.39
08/09/2010,-0.9767,0.159,0.747,0.094,205.07
08/06/2010,-0.9721,0.135,0.801,0.064,206.99
08/05/2010,-0.9873,0.158,0.77,0.071,205.62
08/04/2010,-0.9939,0.164,0.791,0.045,207.01
08/03/2010,-0.9852,0.139,0.791,0.069,207
08/02/2010,-0.9825,0.138,0.821,0.042,207
07/30/2010,-0.9941,0.181,0.745,0.074,209.54
07/29/2010,-0.9793,0.125,0.828,0.047,215.15
07/28/2010,-0.9964,0.209,0.758,0.033,214.58
07/27/2010,-0.9885,0.183,0.733,0.084,211.04
07/26/2010,-0.9828,0.126,0.815,0.059,213.35
07/23/2010,-0.9968,0.19,0.779,0.031,212.97
07/22/2010,-0.9802,0.138,0.774,0.088,212.91
07/21/2010,-0.8545,0.122,0.771,0.107,213.37
07/20/2010,-0.9601,0.132,0.784,0.084,213.74
07/19/2010,-0.9706,0.096,0.851,0.053,214.06
07/16/2010,-0.7716,0.088,0.831,0.081,215.04
07/15/2010,-0.9927,0.198,0.715,0.087,218.43
07/14/2010,-0.9692,0.127,0.818,0.055,223.26
07/13/2010,0.3987,0.1,0.79,0.11,232.24
07/12/2010,-0.9616,0.156,0.738,0.106,231.41
07/09/2010,-0.9417,0.118,0.799,0.083,228.66
07/08/2010,-0.8268,0.102,0.813,0.085,227.92
07/07/2010,-0.9826,0.13,0.803,0.067,224.08
07/06/2010,-0.941,0.12,0.802,0.078,225
07/02/2010,-0.975,0.142,0.774,0.084,231.4
07/01/2010,-0.9897,0.17,0.745,0.085,235.53
06/30/2010,-0.9897,0.149,0.779,0.071,233.33
06/29/2010,-0.9883,0.168,0.749,0.083,233.93
06/28/2010,-0.9806,0.149,0.764,0.087,234.32
06/25/2010,-0.9763,0.184,0.697,0.118,233
06/24/2010,-0.995,0.161,0.771,0.068,230.2
06/23/2010,-0.9797,0.134,0.775,0.091,228.55
06/22/2010,-0.9968,0.215,0.717,0.068,227.83
06/21/2010,-0.9964,0.214,0.689,0.098,225.93
06/18/2010,-0.9729,0.14,0.784,0.076,225.26
06/17/2010,-0.9929,0.173,0.738,0.088,222.56
06/16/2010,-0.9801,0.157,0.754,0.09,219.23
06/15/2010,-0.9956,0.194,0.734,0.072,218.27
06/14/2010,-0.9865,0.161,0.756,0.083,219.05
06/11/2010,-0.9828,0.158,0.742,0.099,217.46
06/10/2010,-0.9918,0.143,0.817,0.039,211.51
06/09/2010,-0.9906,0.197,0.696,0.108,208.99
06/08/2010,-0.9705,0.123,0.797,0.081,211.69
06/07/2010,-0.9942,0.178,0.768,0.054,207.08
06/04/2010,-0.9948,0.174,0.744,0.081,207.52
06/03/2010,-0.9926,0.169,0.78,0.051,212.29
06/02/2010,0.9402,0.098,0.767,0.135,222.85
06/01/2010,-0.9966,0.207,0.732,0.061,218.91
05/28/2010,-0.9949,0.162,0.795,0.043,213.03
05/27/2010,-0.9899,0.148,0.819,0.033,214
05/26/2010,-0.991,0.156,0.767,0.077,213.15
05/25/2010,-0.9839,0.164,0.742,0.094,210.02
05/24/2010,-0.9921,0.142,0.808,0.05,214.8
05/21/2010,-0.9867,0.173,0.751,0.076,215.14
05/20/2010,-0.9623,0.104,0.829,0.066,220.02
05/19/2010,-0.9757,0.141,0.778,0.081,216.44
05/18/2010,-0.9803,0.132,0.81,0.058,212.9
05/17/2010,-0.9408,0.12,0.79,0.09,211.94
05/14/2010,-0.9778,0.146,0.784,0.07,211.47
05/13/2010,-0.975,0.115,0.825,0.06,208.16
05/12/2010,-0.9974,0.216,0.743,0.041,202.62
05/11/2010,-0.9939,0.191,0.729,0.081,207.36
05/10/2010,-0.9719,0.127,0.8,0.073,205.27
05/07/2010,-0.9885,0.158,0.768,0.075,204.71
05/06/2010,-0.9636,0.147,0.758,0.095,204.65
05/05/2010,-0.9913,0.152,0.787,0.061,199.99
05/04/2010,-0.9731,0.134,0.775,0.091,197.68
05/03/2010,-0.9968,0.162,0.785,0.053,197.87
04/30/2010,-0.9779,0.163,0.72,0.117,198.27
04/29/2010,-0.9633,0.125,0.811,0.064,198.01
04/28/2010,-0.9773,0.138,0.768,0.094,203.25
04/27/2010,-0.9914,0.133,0.846,0.021,204
04/26/2010,-0.6616,0.095,0.815,0.09,201.67
04/23/2010,-0.9694,0.133,0.781,0.086,202.93
04/22/2010,-0.8245,0.075,0.863,0.061,204.2
04/21/2010,-0.9909,0.132,0.803,0.065,206.04
04/20/2010,-0.9884,0.165,0.746,0.089,205.46
04/19/2010,-0.7815,0.089,0.832,0.079,205.7
04/16/2010,-0.9937,0.152,0.784,0.064,206.51
04/15/2010,-0.9906,0.156,0.778,0.066,205.21
04/14/2010,-0.9821,0.116,0.823,0.061,204.97
04/13/2010,-0.9786,0.12,0.81,0.07,209.67
04/12/2010,-0.9704,0.13,0.776,0.093,208
04/09/2010,-0.9814,0.149,0.764,0.087,207
04/08/2010,-0.9938,0.165,0.795,0.041,207.03
04/07/2010,-0.9834,0.161,0.731,0.109,207.99
04/06/2010,-0.3094,0.107,0.783,0.11,208.59
04/05/2010,-0.9697,0.101,0.856,0.043,209.69
04/01/2010,-0.9865,0.161,0.781,0.058,210
03/31/2010,-0.9371,0.144,0.747,0.109,209.31
03/30/2010,-0.9935,0.16,0.759,0.081,211
03/29/2010,-0.967,0.122,0.788,0.089,210.59
03/26/2010,-0.9737,0.136,0.758,0.106,210.99
03/25/2010,-0.8884,0.093,0.834,0.073,211.58
03/24/2010,-0.9898,0.151,0.77,0.079,206.92
03/23/2010,-0.7645,0.123,0.773,0.104,208.94
03/22/2010,0.9345,0.101,0.765,0.134,211.18
03/19/2010,-0.9308,0.123,0.788,0.088,210.02
03/18/2010,-0.9241,0.13,0.777,0.094,208.84
03/17/2010,-0.9911,0.143,0.815,0.042,212.08
03/16/2010,0.8966,0.075,0.807,0.118,211.39
03/15/2010,-0.9784,0.134,0.786,0.08,212.26
03/12/2010,-0.9926,0.16,0.777,0.063,212.01
03/11/2010,-0.9764,0.141,0.764,0.096,212.1
03/10/2010,0.9808,0.047,0.844,0.109,212.51
03/09/2010,-0.9897,0.152,0.773,0.074,207.92
03/08/2010,-0.9937,0.16,0.77,0.071,206.86
03/05/2010,-0.9957,0.195,0.751,0.055,208
03/04/2010,-0.3859,0.093,0.814,0.094,202.91
03/03/2010,-0.9829,0.149,0.771,0.08,199.4
03/02/2010,-0.9816,0.147,0.763,0.09,202.52
03/01/2010,-0.969,0.121,0.808,0.071,208.52
02/26/2010,0.9807,0.052,0.806,0.141,209.2
02/25/2010,0.9717,0.057,0.822,0.121,210.14
02/24/2010,-0.9694,0.132,0.772,0.096,211.23
02/23/2010,0.9774,0.096,0.747,0.157,214.03
02/22/2010,-0.9833,0.13,0.806,0.064,215.04
02/19/2010,-0.7667,0.115,0.78,0.105,215.39
02/18/2010,-0.7055,0.129,0.753,0.118,216.09
02/17/2010,-0.9938,0.162,0.769,0.069,215.01
02/16/2010,-0.9646,0.139,0.757,0.103,215.27
02/12/2010,-0.9386,0.105,0.825,0.069,219.28
02/11/2010,-0.9438,0.112,0.808,0.081,208.32
02/10/2010,-0.9871,0.165,0.772,0.063,200.08
02/09/2010,-0.9953,0.176,0.784,0.04,199.15
02/08/2010,-0.9797,0.13,0.794,0.076,201.8
02/05/2010,-0.9952,0.197,0.724,0.079,199.8
02/04/2010,-0.9931,0.162,0.784,0.054,200.82
02/03/2010,-0.9826,0.155,0.742,0.103,201.04
02/02/2010,-0.9914,0.155,0.808,0.037,200.12
02/01/2010,-0.9503,0.134,0.781,0.086,201.07
01/29/2010,-0.968,0.126,0.806,0.067,200.07
01/28/2010,-0.7003,0.062,0.883,0.054,200.01
01/27/2010,-0.9652,0.122,0.829,0.049,198.43
01/26/2010,-0.8126,0.123,0.766,0.111,196.24
01/25/2010,-0.9799,0.154,0.757,0.089,193.36
01/22/2010,-0.8979,0.106,0.81,0.085,190.9
01/21/2010,-0.9871,0.156,0.771,0.073,193.01
01/20/2010,-0.9905,0.155,0.775,0.07,192.81
01/19/2010,-0.9959,0.208,0.72,0.071,187.51
01/15/2010,-0.9594,0.116,0.804,0.08,184.52
01/14/2010,-0.9791,0.129,0.813,0.058,179.9
01/13/2010,-0.9787,0.115,0.848,0.037,180.99
01/12/2010,-0.9689,0.159,0.788,0.053,177.39
01/11/2010,-0.9963,0.208,0.729,0.063,178.9
01/08/2010,-0.9915,0.187,0.734,0.079,177.84
01/07/2010,-0.9501,0.127,0.788,0.085,177.15
01/06/2010,-0.9898,0.164,0.779,0.056,175.99
01/05/2010,-0.9616,0.119,0.818,0.064,176.01
01/04/2010,-0.9935,0.16,0.759,0.081,211
12/31/2009,-0.967,0.122,0.788,0.089,210.59
12/30/2009,-0.9737,0.136,0.758,0.106,210.99
12/29/2009,-0.8884,0.093,0.834,0.073,211.58
12/28/2009,-0.9898,0.151,0.77,0.079,206.92
12/24/2009,-0.7645,0.123,0.773,0.104,208.94
12/23/2009,-0.9959,0.208,0.72,0.071,187.51
12/22/2009,-0.9308,0.123,0.788,0.088,210.02
12/21/2009,-0.9241,0.13,0.777,0.094,208.84
