Date, Close/Last, Volume, Open, High, Low
12/31/2014, $110.38,41304780, $112.82, $113.13, $110.21
12/30/2014, $112.52,29798660, $113.64, $113.92, $112.11
12/29/2014, $113.91,27533430, $113.79, $114.77, $113.7
12/26/2014, $113.99,33681200, $112.1, $114.52, $112.01
12/24/2014, $112.01,14479610, $112.58, $112.71, $112.01
12/23/2014, $112.54,25991030, $113.23, $113.33, $112.46
12/22/2014, $112.94,45097060, $112.16, $113.49, $111.97
12/19/2014, $111.78,86595830, $112.26, $113.24, $111.66
12/18/2014, $112.65,58785590, $111.87, $112.65, $110.66
12/17/2014, $109.41,53265930, $107.12, $109.84, $106.82
12/16/2014, $106.745,60651790, $106.37, $110.16, $106.26
12/15/2014, $108.225,67083260, $110.7, $111.6, $106.35
12/12/2014, $109.73,55873820, $110.46, $111.87, $109.58
12/11/2014, $111.62,41404690, $112.26, $113.8, $111.34
12/10/2014, $111.95,44475360, $114.41, $114.85, $111.54
12/09/2014, $114.12,60112240, $110.19, $114.3, $109.35
12/08/2014, $112.4,57445030, $114.1, $114.648, $111.62
12/05/2014, $115,38230970, $115.99, $116.08, $114.64
12/04/2014, $115.49,42068020, $115.77, $117.2, $115.29
12/03/2014, $115.93,42956200, $115.75, $116.35, $115.11
12/02/2014, $114.63,59205320, $113.5, $115.75, $112.75
12/01/2014, $115.07,83657780, $118.81, $119.25, $111.27
11/28/2014, $118.93,24814400, $119.27, $119.4, $118.05
11/26/2014, $119,40756950, $117.94, $119.1, $117.83
11/25/2014, $117.6,68719930, $119.07, $119.75, $117.45
11/24/2014, $118.625,46867340, $116.85, $118.77, $116.62
11/21/2014, $116.47,56759320, $117.51, $117.57, $116.03
11/20/2014, $116.31,43148650, $114.91, $116.86, $114.85
11/19/2014, $114.67,41815550, $115.44, $115.74, $113.8
11/18/2014, $115.47,44163250, $113.94, $115.69, $113.89
11/17/2014, $113.99,46687710, $114.27, $117.28, $113.3
11/14/2014, $114.18,43789060, $113.15, $114.19, $113.05
11/13/2014, $112.82,59418180, $111.8, $113.45, $111.6
11/12/2014, $111.25,46372630, $109.38, $111.43, $109.37
11/11/2014, $109.7,27330410, $108.7, $109.75, $108.4
11/10/2014, $108.83,27066060, $109.02, $109.33, $108.67
11/07/2014, $109.01,33655280, $108.75, $109.32, $108.55
11/06/2014, $108.7,34733740, $108.6, $108.79, $107.8
11/05/2014, $108.86,37365530, $109.1, $109.3, $108.125
11/04/2014, $108.6,41423660, $109.36, $109.49, $107.72
11/03/2014, $109.4,52154490, $108.22, $110.3, $108.01
10/31/2014, $108,44550790, $108.01, $108.04, $107.21
10/30/2014, $106.98,40572000, $106.959, $107.35, $105.9
10/29/2014, $107.34,52545580, $106.65, $107.37, $106.36
10/28/2014, $106.74,47689070, $105.4, $106.74, $105.35
10/27/2014, $105.11,34086120, $104.85, $105.48, $104.7
10/24/2014, $105.22,46937880, $105.18, $105.49, $104.53
10/23/2014, $104.83,70760150, $104.08, $105.051, $103.63
10/22/2014, $102.99,68140010, $102.84, $104.11, $102.6
10/21/2014, $102.47,93786680, $103.02, $103.02, $101.27
10/20/2014, $99.76,75705040, $98.315, $99.96, $98.22
10/17/2014, $97.67,67723910, $97.5, $99, $96.81
10/16/2014, $96.26,72017830, $95.55, $97.72, $95.41
10/15/2014, $97.54,99942790, $97.97, $99.15, $95.18
10/14/2014, $98.75,63287170, $100.39, $100.52, $98.57
10/13/2014, $99.81,53437060, $101.33, $101.78, $99.81
10/10/2014, $100.73,66249770, $100.69, $102.03, $100.3
10/09/2014, $101.02,77283330, $101.54, $102.38, $100.61
10/08/2014, $100.8,57329820, $98.76, $101.11, $98.31
10/07/2014, $98.75,42003200, $99.43, $100.12, $98.73
10/06/2014, $99.62,36780620, $99.95, $100.65, $99.42
10/03/2014, $99.62,43419580, $99.44, $100.21, $99.04
10/02/2014, $99.9,47697150, $99.27, $100.22, $98.04
10/01/2014, $99.18,51400260, $100.59, $100.69, $98.7
09/30/2014, $100.75,55119980, $100.81, $101.54, $100.53
09/29/2014, $100.11,49263260, $98.65, $100.435, $98.63
09/26/2014, $100.75,62276770, $98.53, $100.75, $98.4
09/25/2014, $97.87,99689300, $100.51, $100.71, $97.72
09/24/2014, $101.75,59974260, $102.16, $102.85, $101.2
09/23/2014, $102.64,63255860, $100.6, $102.94, $100.54
09/22/2014, $101.06,52421660, $101.8, $102.14, $100.58
09/19/2014, $100.96,70747430, $102.29, $102.35, $100.88
09/18/2014, $101.79,36971170, $101.93, $102.35, $101.56
09/17/2014, $101.58,60783090, $101.27, $101.8, $100.5922
09/16/2014, $100.86,66754370, $99.8, $101.26, $98.89
09/15/2014, $101.63,61169670, $102.81, $103.05, $101.44
09/12/2014, $101.66,62826040, $101.21, $102.19, $101.08
09/11/2014, $101.43,62077230, $100.41, $101.44, $99.62
09/10/2014, $101,100352500, $98.01, $101.11, $97.76
09/09/2014, $97.99,189419500, $99.08, $103.08, $96.14
09/08/2014, $98.36,46176570, $99.3, $99.31, $98.05
09/05/2014, $98.97,58280030, $98.8, $99.39, $98.31
09/04/2014, $98.12,85537710, $98.85, $100.09, $97.79
09/03/2014, $98.94,125000400, $103.1, $103.2, $98.58
09/02/2014, $103.3,53227770, $103.06, $103.74, $102.72
08/29/2014, $102.5,44516120, $102.86, $102.9, $102.2
08/28/2014, $102.25,68368740, $101.59, $102.78, $101.56
08/27/2014, $102.13,46807000, $101.02, $102.57, $100.7
08/26/2014, $100.889,33079170, $101.42, $101.5, $100.86
08/25/2014, $101.54,40087220, $101.79, $102.17, $101.28
08/22/2014, $101.32,44028280, $100.29, $101.47, $100.19
08/21/2014, $100.58,33377530, $100.57, $100.94, $100.11
08/20/2014, $100.57,52565000, $100.44, $101.09, $99.95
08/19/2014, $100.53,69189840, $99.41, $100.68, $99.32
08/18/2014, $99.16,47285630, $98.49, $99.37, $97.98
08/15/2014, $97.98,48938120, $97.9, $98.19, $96.86
08/14/2014, $97.5,28056530, $97.33, $97.57, $96.8
08/13/2014, $97.24,31866630, $96.15, $97.24, $96.04
08/12/2014, $95.97,33485870, $96.04, $96.88, $95.61
08/11/2014, $95.99,36459430, $95.27, $96.08, $94.8355
08/08/2014, $94.74,41783300, $94.26, $94.82, $93.28
08/07/2014, $94.48,46553350, $94.93, $95.95, $94.1
08/06/2014, $94.96,38463700, $94.75, $95.48, $94.71
08/05/2014, $95.12,55861030, $95.36, $95.68, $94.36
08/04/2014, $95.59,39860740, $96.37, $96.58, $95.17
08/01/2014, $96.13,48379730, $94.9, $96.62, $94.81
07/31/2014, $95.6,56625420, $97.16, $97.45, $95.33
07/30/2014, $98.15,32978480, $98.44, $98.7, $97.67
07/29/2014, $98.38,42957960, $99.33, $99.44, $98.25
07/28/2014, $99.02,54926940, $97.82, $99.24, $97.55
07/25/2014, $97.671,43384590, $96.85, $97.84, $96.64
07/24/2014, $97.03,45609040, $97.035, $97.32, $96.42
07/23/2014, $97.19,90937230, $95.42, $97.88, $95.17
07/22/2014, $94.72,54297530, $94.68, $94.89, $94.12
07/21/2014, $93.939,38792960, $94.99, $95, $93.72
07/18/2014, $94.43,49838110, $93.62, $94.74, $93.02
07/17/2014, $93.0899,57111160, $95.03, $95.279, $92.57
07/16/2014, $94.78,53323940, $96.97, $97.1, $94.74
07/15/2014, $95.32,45187420, $96.8, $96.85, $95.03
07/14/2014, $96.45,42643760, $95.86, $96.89, $95.65
07/11/2014, $95.22,33960300, $95.36, $95.89, $94.8625
07/10/2014, $95.035,39633800, $93.76, $95.55, $93.52
07/09/2014, $95.39,36267350, $95.44, $95.95, $94.76
07/08/2014, $95.35,65111960, $96.27, $96.8, $93.92
07/07/2014, $95.968,54809030, $94.14, $95.99, $94.1
07/03/2014, $94.03,22891750, $93.67, $94.1, $93.2
07/02/2014, $93.48,28414310, $93.865, $94.06, $93.09
07/01/2014, $93.52,38156280, $93.52, $94.07, $93.13
06/30/2014, $92.93,49474230, $92.1, $93.725, $92.09
06/27/2014, $91.98,61758200, $90.82, $92, $90.77
06/26/2014, $90.9,32528680, $90.37, $91.05, $89.8
06/25/2014, $90.36,36835900, $90.21, $90.7, $89.65
06/24/2014, $90.28,38977670, $90.75, $91.74, $90.19
06/23/2014, $90.83,43611710, $91.32, $91.62, $90.6
06/20/2014, $90.91,100478600, $91.85, $92.55, $90.9
06/19/2014, $91.86,35476080, $92.29, $92.3, $91.3389
06/18/2014, $92.18,33314720, $92.27, $92.29, $91.35
06/17/2014, $92.08,29684620, $92.31, $92.7, $91.8
06/16/2014, $92.2,35371460, $91.51, $92.75, $91.45
06/13/2014, $91.28,54406640, $92.2, $92.44, $90.88
06/12/2014, $92.29,54628650, $94.04, $94.12, $91.9
06/11/2014, $93.86,45528740, $94.13, $94.76, $93.47
06/10/2014, $94.25,62563070, $94.73, $95.05, $93.57
06/09/2014, $93.7,75295450, $92.7, $93.88, $91.75
06/06/2014, $92.2243,87403076, $92.8428, $93.0371, $92.0671
06/05/2014, $92.4785,75796583, $92.3143, $92.7671, $91.8014
06/04/2014, $92.1171,83735285, $91.0628, $92.5557, $90.8728
06/03/2014, $91.0771,73043412, $89.78, $91.2485, $89.75
06/02/2014, $89.8071,92179668, $90.5657, $90.69, $88.9285
05/30/2014, $90.4285,140860202, $91.14, $92.0243, $89.8428
05/29/2014, $90.7685,93737728, $89.6928, $90.9814, $89.6814
05/28/2014, $89.1443,78793704, $89.4314, $89.9757, $89.1114
05/27/2014, $89.3757,86840486, $87.9828, $89.4085, $87.9471
05/23/2014, $87.7328,57918367, $86.75, $87.8184, $86.6385
05/22/2014, $86.7528,50142667, $86.6571, $87.1214, $86.3
05/21/2014, $86.6157,49184983, $86.2614, $86.6714, $86.0085
05/20/2014, $86.3871,58232373, $86.3585, $86.6285, $85.8185
05/19/2014, $86.37,78819884, $85.4071, $86.7614, $85.3328
05/16/2014, $85.3585,68960136, $84.09, $85.3614, $83.6285
05/15/2014, $84.1171,57427744, $84.9571, $85.2285, $84.0057
05/14/2014, $84.8385,41505203, $84.6328, $85.3428, $84.5343
05/13/2014, $84.8228,39854512, $84.5714, $84.9343, $84.3857
05/12/2014, $84.69,53184042, $83.9271, $84.8085, $83.9143
05/09/2014, $83.6489,72767192, $83.5057, $83.75, $82.9043
05/08/2014, $83.9985,57243511, $84.0357, $84.9157, $83.7714
05/07/2014, $84.6185,70532231, $85.0357, $85.3271, $83.9614
05/06/2014, $84.9157,93468228, $85.9714, $86.3442, $84.9157
05/05/2014, $85.8514,71523851, $84.3057, $85.8571, $84.2857
05/02/2014, $84.6543,47673150, $84.62, $84.8857, $84.2443
05/01/2014, $84.4971,60958860, $84.5714, $84.9714, $83.7657
04/30/2014, $84.2985,114029614, $84.6628, $85.6328, $84.2571
04/29/2014, $84.6185,84049445, $84.82, $85.14, $84.2157
04/28/2014, $84.87,167001640, $81.8285, $85.1071, $81.7928
04/25/2014, $81.7057,97435199, $80.6471, $81.7128, $80.5657
04/24/2014, $81.11,189588407, $81.1728, $81.4285, $80.1043
04/23/2014, $74.9643,93473618, $75.58, $75.8757, $74.9214
04/22/2014, $75.957,50607747, $75.4728, $75.9751, $75.2144
04/21/2014, $75.8814,45546494, $75.0485, $76.02, $74.8514
04/17/2014, $74.9914,70978621, $74.2857, $75.3943, $74.1714
04/16/2014, $74.1443,52515794, $74.0071, $74.4414, $73.4479
04/15/2014, $73.9942,66461884, $74.3243, $74.52, $73.0471
04/14/2014, $74.5257,51252748, $74.5571, $74.5943, $73.8871
04/11/2014, $74.23,67920698, $74.1428, $74.69, $73.8771
04/10/2014, $74.7828,59701814, $75.8114, $76.0343, $74.7385
04/09/2014, $75.76,51357706, $74.6628, $75.7843, $74.5743
04/08/2014, $74.7771,60880929, $75.0271, $75.16, $74.1
04/07/2014, $74.7814,72146992, $75.4314, $75.8428, $74.5557
04/04/2014, $75.9743,68615246, $77.1157, $77.1428, $75.7971
04/03/2014, $76.97,40472773, $77.3414, $77.5, $76.8057
04/02/2014, $77.5071,44803807, $77.4828, $77.64, $77.18
04/01/2014, $77.3785,50069657, $76.8228, $77.41, $76.6814
03/31/2014, $76.6771,41787976, $77.0328, $77.2585, $76.5614
03/28/2014, $76.6943,49703046, $76.9028, $76.9914, $76.3214
03/27/2014, $76.78,55330425, $77.145, $77.3571, $76.4457
03/26/2014, $77.1114,74394902, $78.0743, $78.4285, $76.98
03/25/2014, $77.8557,70284361, $77.3571, $77.9643, $77.0843
03/24/2014, $77.0271,88674487, $76.9171, $77.2143, $76.4371
03/21/2014, $76.1243,93431688, $75.99, $76.25, $75.19
03/20/2014, $75.5285,52017415, $75.6985, $76.0957, $75.3357
03/19/2014, $75.8943,56077605, $76.0371, $76.6057, $75.5714
03/18/2014, $75.9143,52279152, $75.1285, $75.9957, $75.0286
03/17/2014, $75.2485,49725201, $75.3857, $75.71, $75.1214
03/14/2014, $74.9557,59166181, $75.5414, $75.8414, $74.7143
03/13/2014, $75.8071,64314038, $76.7771, $77.0943, $75.5943
03/12/2014, $76.6585,49819071, $76.3585, $76.7643, $76
03/11/2014, $76.5843,69791288, $76.4928, $76.9628, $76.0843
03/10/2014, $75.8457,44638950, $75.48, $76.19, $75.477
03/07/2014, $75.7771,55164427, $75.87, $75.9971, $75.15
03/06/2014, $75.8214,46363282, $76.1128, $76.3485, $75.4428
03/05/2014, $76.0514,50000910, $75.8457, $76.3928, $75.59
03/04/2014, $75.8914,64772440, $75.8571, $76.0914, $75.3957
03/03/2014, $75.3943,59671581, $74.7743, $75.8071, $74.6871
02/28/2014, $75.1771,92930208, $75.5828, $76.1071, $74.5885
02/27/2014, $75.3814,75444623, $73.8771, $75.54, $73.7214
02/26/2014, $73.9071,69024270, $74.8014, $75, $73.6571
02/25/2014, $74.58,57961606, $75.6257, $75.6521, $74.4285
02/24/2014, $75.3643,72208942, $74.7357, $75.7028, $74.6314
02/21/2014, $75.0357,69688045, $76.1133, $76.3671, $74.9428
02/20/2014, $75.8785,76457383, $76.1414, $76.7143, $75.5714
02/19/2014, $76.7671,78415914, $77.8214, $78.1271, $76.3357
02/18/2014, $77.9985,65048101, $78, $78.7414, $77.9443
02/14/2014, $77.7128,68395257, $77.4957, $77.9971, $77.3157
02/13/2014, $77.7757,76790093, $76.38, $77.8357, $76.3143
02/12/2014, $76.56,76994423, $76.7071, $77.08, $76.1771
02/11/2014, $76.5657,70489461, $75.8014, $76.8214, $75.6428
02/10/2014, $75.57,86342646, $74.0943, $75.9985, $74
02/07/2014, $74.24,93444918, $74.4828, $74.7042, $73.9114
02/06/2014, $73.2157,64415139, $72.8657, $73.3571, $72.5443
02/05/2014, $73.2271,82072855, $72.3657, $73.6114, $72.3217
02/04/2014, $72.6843,94166758, $72.2643, $72.78, $71.8228
02/03/2014, $71.6471,100347900, $71.8014, $72.5328, $71.3286
01/31/2014, $71.5143,116191705, $70.74, $71.6471, $70.5071
01/30/2014, $71.3974,169602001, $71.7914, $72.3571, $70.9571
01/29/2014, $71.5357,125679438, $71.9928, $72.4814, $71.2314
01/28/2014, $72.3571,266302550, $72.68, $73.5714, $71.7243
01/27/2014, $78.6428,135926881, $78.5814, $79.2571, $77.9643
01/24/2014, $78.01,107943182, $79.1428, $79.3743, $77.8214
01/23/2014, $79.4543,100803600, $78.5628, $79.5, $77.8295
01/22/2014, $78.7871,94941728, $78.7021, $79.6128, $78.2585
01/21/2014, $78.4385,81897015, $77.2843, $78.5814, $77.2028
01/17/2014, $77.2385,106660852, $78.7828, $78.8671, $77.1285
01/16/2014, $79.1785,57313035, $79.2714, $79.55, $78.8114
01/15/2014, $79.6228,97888589, $79.0743, $80.0285, $78.8085
01/14/2014, $78.0557,83082535, $76.8885, $78.1043, $76.8085
01/13/2014, $76.5328,94612448, $75.7014, $77.5, $75.6971
01/10/2014, $76.1343,76235553, $77.1185, $77.2571, $75.8728
01/09/2014, $76.6455,69762819, $78.1143, $78.1228, $76.4786
01/08/2014, $77.6371,64158428, $76.9728, $77.9371, $76.9557
01/07/2014, $77.1482,80172914, $77.76, $77.9943, $76.8464
01/06/2014, $77.7043,103132361, $76.7785, $78.1143, $76.2285
01/03/2014, $77.2828,98046999, $78.98, $79.1, $77.2043
01/02/2014, $79.0185,58661530, $79.3828, $79.5757, $78.8601
12/31/2013, $80.1457,55761100, $79.1671, $80.1828, $79.1428
12/30/2013, $79.2171,63265305, $79.6371, $80.0128, $78.903
12/27/2013, $80.0128,56385717, $80.5457, $80.63, $79.9285
12/26/2013, $80.5571,50906710, $81.1571, $81.3571, $80.4823
12/24/2013, $81.0957,41888748, $81.4128, $81.6971, $80.8614
12/23/2013, $81.4414,125072328, $81.1428, $81.5314, $80.3943
12/20/2013, $78.4314,108738663, $77.9185, $78.8014, $77.831
12/19/2013, $77.78,79939814, $78.5, $78.5714, $77.6757
12/18/2013, $78.6814,141217062, $78.5285, $78.7785, $76.9714
12/17/2013, $79.2843,57137328, $79.4014, $79.92, $79.0535
12/16/2013, $79.6428,70547981, $79.2885, $80.377, $79.2871
12/13/2013, $79.2043,82974455, $80.4071, $80.4114, $79.0957
12/12/2013, $80.0771,65465763, $80.306, $80.7628, $80.0043
12/11/2013, $80.1943,89783987, $81, $81.5671, $79.9557
12/10/2013, $80.7928,69101620, $80.5114, $81.1257, $80.1714
12/09/2013, $80.9185,79945274, $80.1286, $81.3685, $80.1286
12/06/2013, $80.0028,85919076, $80.8271, $80.9643, $79.9385
12/05/2013, $81.1287,111600823, $81.8071, $82.1622, $80.9157
12/04/2013, $80.7143,94279248, $80.7857, $81.3128, $80.1171
12/03/2013, $80.9031,112338274, $79.7571, $80.9114, $79.6685
12/02/2013, $78.7471,117918255, $79.7143, $80.6185, $78.6885
11/29/2013, $79.4385,79532274, $78.4971, $79.7614, $78.2585
11/27/2013, $77.9943,90644497, $76.6157, $78, $76.2
11/26/2013, $76.2,99957720, $74.8743, $76.5914, $74.8571
11/25/2013, $74.82,57270811, $74.4314, $75.1243, $74.4285
11/22/2013, $74.2571,55833466, $74.2171, $74.5943, $74.0757
11/21/2013, $74.448,65382638, $73.9428, $74.4585, $73.3814
11/20/2013, $73.5714,48459468, $74.1757, $74.3457, $73.4757
11/19/2013, $74.2214,52105335, $74.1471, $74.7685, $73.9957
11/18/2013, $74.0898,60997871, $74.9985, $75.3128, $74.0285
11/15/2013, $74.9987,79339984, $75.2257, $75.5843, $74.9271
11/14/2013, $75.4514,70401611, $74.6871, $75.6114, $74.5528
11/13/2013, $74.3763,49154022, $74, $74.6071, $73.8514
11/12/2013, $74.2871,51067815, $73.9528, $74.8457, $73.8571
11/11/2013, $74.1497,56747589, $74.2843, $74.5243, $73.4871
11/08/2013, $74.3657,69617240, $73.5114, $74.4471, $73.2271
11/07/2013, $73.2131,65542966, $74.2257, $74.7414, $73.1971
11/06/2013, $74.4171,55716622, $74.8785, $74.98, $74.0285
11/05/2013, $75.0641,66243519, $74.94, $75.555, $74.7143
11/04/2013, $75.25,61011871, $74.4428, $75.26, $74.1157
11/01/2013, $74.29,68524519, $74.86, $74.9714, $73.6914
10/31/2013, $74.6717,68774804, $75, $75.3557, $74.4671
10/30/2013, $74.9851,88125406, $74.23, $75.36, $73.86
10/29/2013, $73.8111,158499648, $76.61, $77.0357, $73.5057
10/28/2013, $75.6965,124205797, $75.5771, $75.8571, $74.7443
10/25/2013, $75.1368,84316215, $75.9021, $76.1757, $75.0157
10/24/2013, $75.9871,96004539, $75, $76.0671, $74.6357
10/23/2013, $74.9943,78237833, $74.1428, $75.0957, $74.1428
10/22/2013, $74.2668,133200030, $75.2007, $75.4928, $72.5757
10/21/2013, $74.4803,98700380, $73.11, $74.9, $73.0743
10/18/2013, $72.6985,72195292, $72.2843, $72.7514, $72.2443
10/17/2013, $72.0714,63116954, $71.4257, $72.1114, $71.3828
10/16/2013, $71.5877,62449609, $71.5414, $71.79, $71.3186
10/15/2013, $71.24,79715744, $71.0721, $71.7143, $70.7886
10/14/2013, $70.8628,65216780, $69.9757, $71.0828, $69.9071
10/11/2013, $70.4017,66797100, $69.57, $70.5486, $69.3086
10/10/2013, $69.9483,69186523, $70.1886, $70.34, $69.5771
10/09/2013, $69.5126,75304273, $69.2343, $69.6843, $68.3257
10/08/2013, $68.7057,72260532, $69.9914, $70.0914, $68.6486
10/07/2013, $69.6786,77889233, $69.5086, $70.3786, $69.3357
10/04/2013, $69.0043,64638089, $69.1228, $69.2286, $68.3714
10/03/2013, $69.0586,78802384, $70.0728, $70.3357, $68.6769
10/02/2013, $69.9371,71799162, $69.3757, $70.2571, $69.1071
10/01/2013, $69.7086,88194286, $68.35, $69.8771, $68.3401
09/30/2013, $68.1071,64764985, $68.1786, $68.8086, $67.773
09/27/2013, $68.9643,56787853, $69.1114, $69.2386, $68.6743
09/26/2013, $69.46,59050786, $69.4286, $69.7943, $69.1286
09/25/2013, $68.79,79011544, $69.8857, $69.9486, $68.7757
09/24/2013, $69.8714,90481397, $70.6971, $70.7814, $69.6886
09/23/2013, $70.0914,189942957, $70.8714, $70.9871, $68.9428
09/20/2013, $66.7728,174425492, $68.2857, $68.3643, $66.5714
09/19/2013, $67.4714,100811930, $67.2428, $67.9757, $67.0357
09/18/2013, $66.3828,113636704, $66.1686, $66.6214, $65.8086
09/17/2013, $65.0457,99704600, $63.9943, $65.6728, $63.9286
09/16/2013, $64.3028,136563951, $65.8571, $65.9443, $63.8886
09/13/2013, $66.4143,74495492, $67.0486, $67.4042, $66.3857
09/12/2013, $67.5271,100856800, $66.9286, $67.9143, $66.5728
09/11/2013, $66.8157,224172687, $66.7157, $67.67, $66.4014
09/10/2013, $70.6628,185372026, $72.3143, $72.4928, $69.9286
09/09/2013, $72.31,84479315, $72.1428, $72.56, $71.9257
09/06/2013, $71.1743,89482147, $71.2057, $71.34, $69.9928
09/05/2013, $70.7528,58779242, $71.4643, $71.5257, $70.52
09/04/2013, $71.2416,86016026, $71.3657, $71.7485, $70.8971
09/03/2013, $69.7971,82966965, $70.4428, $71.5143, $69.6214
08/30/2013, $69.6023,68053649, $70.2857, $70.4214, $69.5
08/29/2013, $70.2428,59804259, $70.2357, $70.9286, $70.1614
08/28/2013, $70.128,76746763, $69.4286, $70.8286, $69.4286
08/27/2013, $69.7986,105846822, $71.1428, $71.7871, $69.4714
08/26/2013, $71.8528,82354395, $71.5357, $72.8857, $71.5
08/23/2013, $71.5743,55559766, $71.8957, $71.9071, $71.3357
08/22/2013, $71.8514,60866474, $72.14, $72.2271, $71.1714
08/21/2013, $71.7657,83783025, $71.9414, $72.45, $71.6
08/20/2013, $71.5814,89508677, $72.8157, $72.9385, $71.5457
08/19/2013, $72.5343,127401718, $72.0485, $73.3914, $72
08/16/2013, $71.7614,90314517, $71.45, $71.8485, $71.2657
08/15/2013, $71.13,122386917, $70.9171, $71.7713, $69.869
08/14/2013, $71.2143,188427037, $71.1257, $72.0357, $70.4857
08/13/2013, $69.9386,219450906, $67.2771, $70.6657, $66.8643
08/12/2013, $66.7657,90984207, $65.2657, $66.95, $65.2328
08/09/2013, $64.9214,66643940, $65.52, $65.78, $64.8071
08/08/2013, $65.8586,63939790, $66.265, $66.3, $65.4214
08/07/2013, $66.4257,74622262, $66.2571, $66.7143, $65.9671
08/06/2013, $66.4643,83703085, $66.86, $67.4128, $66.0243
08/05/2013, $67.0643,79577704, $66.3843, $67.2386, $66.0214
08/02/2013, $66.0771,68411287, $65.43, $66.1214, $65.2371
08/01/2013, $65.2394,51386070, $65.1076, $65.2571, $64.7514
07/31/2013, $64.6471,80624904, $64.9986, $65.3346, $64.2043
07/30/2013, $64.76,77240193, $64.28, $65.3071, $64.1757
07/29/2013, $63.97,62006404, $62.9714, $64.2843, $62.8857
07/26/2013, $62.9986,50020601, $62.1857, $63.0057, $62.0486
07/25/2013, $62.6428,57358143, $62.9571, $63.0571, $62.2586
07/24/2013, $62.93,147906334, $62.7043, $63.5128, $62.18
07/23/2013, $59.8557,88619467, $60.8571, $60.9943, $59.8157
07/22/2013, $60.9014,51912282, $61.3514, $61.3928, $60.7811
07/19/2013, $60.7071,67137272, $61.8714, $61.9971, $60.6214
07/18/2013, $61.6797,54658172, $61.9114, $62.1243, $61.5157
07/17/2013, $61.4728,49737479, $61.3857, $61.7457, $61.1743
07/16/2013, $61.4564,54028599, $60.9314, $61.53, $60.5957
07/15/2013, $61.0628,60473991, $60.7157, $61.6371, $60.6857
07/12/2013, $60.93,69863934, $61.0928, $61.3986, $60.4871
07/11/2013, $61.0411,81567174, $60.4214, $61.1786, $60.1671
07/10/2013, $60.1043,70064141, $59.9428, $60.6857, $59.75
07/09/2013, $60.3357,88135556, $59.0857, $60.5, $58.6257
07/08/2013, $59.2928,74476172, $60.0157, $60.1428, $58.6643
07/05/2013, $59.6314,68482701, $60.0557, $60.47, $59.3357
07/03/2013, $60.1143,60232176, $60.1228, $60.4257, $59.6357
07/02/2013, $59.7843,117427695, $58.5657, $60.2328, $58.4957
07/01/2013, $58.46,97736269, $57.5271, $58.8957, $57.3171
06/28/2013, $56.6471,144584903, $55.9086, $57.1814, $55.5528
06/27/2013, $56.2543,84237745, $57.0357, $57.3414, $56.22
06/26/2013, $56.8671,91911848, $57.7, $57.8271, $56.5228
06/25/2013, $57.5186,78533304, $57.9571, $58.2557, $56.9757
06/24/2013, $57.5057,120047026, $58.2, $58.38, $56.8643
06/21/2013, $59.0714,120212576, $59.7843, $60, $58.3
06/20/2013, $59.5483,89321357, $59.9, $60.8543, $59.31
06/19/2013, $60.4286,77690993, $61.6286, $61.6657, $60.4286
06/18/2013, $61.6814,48375328, $61.6514, $62.1286, $61.4586
06/17/2013, $61.7143,64784564, $61.6343, $62.2428, $61.4802
06/14/2013, $61.4357,67955299, $62.2, $62.3271, $61.2143
06/13/2013, $62.2807,71449021, $61.7857, $62.4486, $61.25
06/12/2013, $61.7414,66270567, $62.7857, $63.0357, $61.6428
06/11/2013, $62.5143,71515731, $62.2486, $63.2514, $61.9028
06/10/2013, $62.6986,112489474, $63.5328, $64.1541, $62.4
06/07/2013, $63.1158,101081990, $62.3571, $63.32, $61.8243
06/06/2013, $62.6371,104167451, $63.6386, $63.8571, $62.0071
06/05/2013, $63.5871,72524432, $63.6643, $64.3886, $63.3871
06/04/2013, $64.1871,72575322, $64.7457, $64.9186, $63.9128
06/03/2013, $64.3886,92900598, $64.39, $64.6228, $63.2114
05/31/2013, $64.2478,95688069, $64.6428, $65.3, $64.2143
05/30/2013, $64.5114,88354937, $63.6643, $64.9286, $63.5014
05/29/2013, $63.5643,82553265, $62.8571, $63.9286, $62.7714
05/28/2013, $63.0627,96311559, $64.2714, $64.4443, $62.9786
05/24/2013, $63.5928,69009031, $62.9786, $63.6657, $62.9086
05/23/2013, $63.1628,88239856, $62.2786, $63.7371, $62.2557
05/22/2013, $63.0506,110682773, $63.4357, $64.05, $62.6028
05/21/2013, $62.8086,113917824, $62.5928, $63.64, $62.0286
05/20/2013, $63.2757,112529584, $61.7014, $63.6857, $61.4428
05/17/2013, $61.8943,106966262, $62.7214, $62.87, $61.5728
05/16/2013, $62.0826,150737695, $60.4628, $62.55, $59.8428
05/15/2013, $61.2643,185168956, $62.7371, $63, $60.3371
05/14/2013, $63.4086,111617413, $64.8357, $65.0286, $63.1643
05/13/2013, $64.9628,79216224, $64.5014, $65.4143, $64.5
05/10/2013, $64.71,83615305, $65.4243, $65.6728, $64.3543
05/09/2013, $65.2528,99448260, $65.6871, $66.1428, $65.0828
05/08/2013, $66.2628,117977895, $65.5771, $66.4814, $65.1157
05/07/2013, $65.5226,120467656, $66.4243, $66.5357, $64.8143
05/06/2013, $65.8157,123979417, $65.1014, $66.0286, $64.9014
05/03/2013, $64.2828,90287637, $64.4728, $64.7471, $64.1643
05/02/2013, $63.6457,105409532, $63.1114, $64.0843, $62.9471
05/01/2013, $62.7557,126694438, $63.4943, $63.5614, $62.0557
04/30/2013, $63.2543,172699362, $62.1571, $63.6071, $61.7243
04/29/2013, $61.4457,159929048, $60.0643, $61.9453, $60
04/26/2013, $59.6007,190977767, $58.5443, $59.8241, $58.3214
04/25/2013, $58.34,95958899, $58.7464, $59.1343, $58.1428
04/24/2013, $57.9231,242352533, $56.22, $59.3214, $56.0714
04/23/2013, $58.0186,150492275, $57.7128, $58.3401, $56.9728
04/22/2013, $56.9528,107226032, $56.0914, $57.4571, $55.8964
04/19/2013, $55.79,152132166, $55.4243, $57.0857, $55.0143
04/18/2013, $56.0071,166414970, $57.8557, $57.97, $55.6774
04/17/2013, $57.5428,236094111, $60.0386, $60.0857, $56.8728
04/16/2013, $60.8914,76203143, $60.2243, $60.9443, $60.0814
04/15/2013, $59.9786,79101214, $61, $61.1271, $59.9357
04/12/2013, $61.4,59634201, $62.0214, $62.0214, $61.2986
04/11/2013, $62.0471,82064315, $61.96, $62.57, $61.6
04/10/2013, $62.2414,93883258, $61.1571, $62.4371, $60.8586
04/09/2013, $60.9971,76595913, $60.9086, $61.2143, $60.3928
04/08/2013, $60.8871,75145863, $60.6928, $61.0714, $60.3557
04/05/2013, $60.4571,95724469, $60.6428, $60.7071, $59.9543
04/04/2013, $61.1028,89574827, $61.9657, $62.1428, $60.75
04/03/2013, $61.7128,90550837, $61.6243, $62.4686, $61.4728
04/02/2013, $61.3988,132255450, $61.0857, $62.5914, $60.9143
04/01/2013, $61.2728,97168149, $63.1286, $63.3854, $61.1057
03/28/2013, $63.2371,110618443, $64.26, $64.5456, $63.0886
03/27/2013, $64.5828,81772975, $65.2086, $65.2571, $64.39
03/26/2013, $65.8766,73390892, $66.4914, $66.5485, $65.79
03/25/2013, $66.2257,124980207, $66.3843, $67.1357, $65.9686
03/22/2013, $65.9871,98261129, $64.94, $66.0143, $64.73
03/21/2013, $64.6757,95484439, $64.3171, $65.4257, $64.3
03/20/2013, $64.5828,76980353, $65.3457, $65.3757, $64.2271
03/19/2013, $64.9271,131468929, $65.6428, $65.8528, $64.0714
03/18/2013, $65.1028,149961185, $63.0643, $65.3514, $63.0286
03/15/2013, $63.38,160587468, $62.5614, $63.4614, $62.4643
03/14/2013, $61.7857,75801483, $61.8328, $62.0914, $61.4928
03/13/2013, $61.1928,101314460, $61.2071, $62.0714, $60.7657
03/12/2013, $61.2043,116142145, $62.2286, $62.6971, $61.0814
03/11/2013, $62.5528,118221425, $61.3928, $62.7157, $60.7343
03/08/2013, $61.6743,97466769, $61.4, $62.2043, $61.23
03/07/2013, $61.5117,116969895, $60.6428, $61.7157, $60.1514
03/06/2013, $60.8088,114860374, $62.0728, $62.1786, $60.6328
03/05/2013, $61.592,159227158, $60.2114, $62.17, $60.1071
03/04/2013, $60.0071,144332343, $61.1143, $61.1714, $59.8571
03/01/2013, $61.4957,137819681, $62.5714, $62.5971, $61.4257
02/28/2013, $63.0571,80512484, $63.4357, $63.9814, $63.0571
02/27/2013, $63.51,146554914, $64.0614, $64.6343, $62.95
02/26/2013, $64.1386,125040618, $63.4028, $64.5057, $62.5228
02/25/2013, $63.2571,92813518, $64.8357, $65.0171, $63.2243
02/22/2013, $64.4014,82560265, $64.1786, $64.5143, $63.8
02/21/2013, $63.7228,111563653, $63.7143, $64.1671, $63.26
02/20/2013, $64.1214,118823076, $65.3843, $65.3843, $64.1143
02/19/2013, $65.7128,108820003, $65.8714, $66.1043, $64.8357
02/15/2013, $65.7371,97873819, $66.9786, $67.1657, $65.7028
02/14/2013, $66.6557,88785717, $66.36, $67.3771, $66.2886
02/13/2013, $66.7157,118682866, $66.7443, $67.6628, $66.1743
02/12/2013, $66.8428,151743386, $68.5014, $68.9114, $66.8206
02/11/2013, $68.5614,128206578, $68.0714, $69.2771, $67.6071
02/08/2013, $67.8543,158143417, $67.7143, $68.4014, $66.8928
02/07/2013, $66.8886,175627813, $66.1786, $67.1428, $64.8743
02/06/2013, $65.3357,148003914, $65.21, $66.6428, $64.6543
02/05/2013, $65.4063,142959083, $63.4357, $65.6771, $63.1743
02/04/2013, $63.188,119044766, $64.8443, $65.1343, $63.1428
02/01/2013, $64.8028,134704470, $65.5871, $65.64, $64.05
01/31/2013, $65.07,79445474, $65.2828, $65.6114, $64.9971
01/30/2013, $65.2614,104140851, $65.2857, $66.0857, $64.9286
01/29/2013, $65.4671,142486933, $65.5, $65.7428, $64.5886
01/28/2013, $64.2614,195771859, $62.5464, $64.7443, $62.2657
01/25/2013, $62.84,301617420, $64.5271, $65.1757, $62.1428
01/24/2013, $64.3571,364459099, $65.7143, $66.5328, $64.3214
01/23/2013, $73.4293,191090117, $72.6871, $73.57, $72.11
01/22/2013, $72.11,114745924, $72.08, $72.5543, $70.9471
01/18/2013, $71.4285,116987465, $71.2166, $71.7457, $70.9143
01/17/2013, $71.8114,112900444, $72.9014, $72.9643, $71.7185
01/16/2013, $72.2985,172393952, $70.6628, $72.7771, $70.3571
01/15/2013, $69.4171,217802615, $71.1857, $71.2843, $69.0543
01/14/2013, $71.6785,183021145, $71.8114, $72.5, $71.2157
01/11/2013, $74.3285,87569116, $74.4285, $75.0457, $74.1457
01/10/2013, $74.7871,149986665, $75.5071, $75.5314, $73.6457
01/09/2013, $73.8714,101748741, $74.6428, $75.0007, $73.7128
01/08/2013, $75.0443,114451364, $75.6014, $75.9843, $74.4643
01/07/2013, $74.8428,120838376, $74.5714, $75.6143, $73.6
01/04/2013, $75.2857,148374285, $76.7093, $76.9471, $75.1183
01/03/2013, $77.4422,88054216, $78.2685, $78.5243, $77.2857
01/02/2013, $78.4328,139906732, $79.1171, $79.2857, $77.3757
12/31/2012, $76.0247,164519649, $72.9328, $76.4857, $72.7143
12/28/2012, $72.7984,88117426, $72.8985, $73.4971, $72.5885
12/27/2012, $73.58,113575314, $73.3628, $73.75, $72.0943
12/26/2012, $73.2856,75475003, $74.1428, $74.2085, $73.0171
12/24/2012, $74.3097,43936990, $74.3357, $74.8928, $74.1014
12/21/2012, $74.19,148609695, $73.21, $74.2385, $72.8914
12/20/2012, $74.5329,120153986, $75.7143, $75.7428, $74.1257
12/19/2012, $75.1871,112061074, $75.9243, $76.2428, $75.0714
12/18/2012, $76.2714,156143657, $75, $76.4143, $74.3214
12/17/2012, $74.1185,189181917, $72.7043, $74.2857, $71.6043
12/14/2012, $72.8277,252115436, $73.5357, $74.0188, $72.2257
12/13/2012, $75.67,155971877, $75.8785, $76.8057, $75.1143
12/12/2012, $77,121630216, $78.2528, $78.2857, $76.61
12/11/2012, $77.3411,147820794, $77.11, $78.5085, $76.7671
12/10/2012, $75.6887,157477787, $75, $76.93, $74.5114
12/07/2012, $76.1785,196603459, $79.0571, $79.3143, $75.7143
12/06/2012, $78.1778,294065958, $75.5628, $79.0443, $74.09
12/05/2012, $76.9703,259803118, $81.2728, $81.3214, $76.9671
12/04/2012, $82.2636,138712182, $83.1143, $83.1143, $81.7328
12/03/2012, $83.7414,90911547, $84.8071, $84.9414, $83.6428
11/30/2012, $83.6114,97622309, $83.8271, $84.0571, $83.24
11/29/2012, $84.1943,128394879, $84.3164, $84.8928, $83.6071
11/28/2012, $83.2771,130112749, $82.4671, $83.6857, $81.7514
11/27/2012, $83.54,133099650, $84.2214, $84.3457, $82.8714
11/26/2012, $84.2185,157238387, $82.2714, $84.2857, $81.9585
11/23/2012, $81.6428,68206599, $81.0243, $81.7143, $80.3714
11/21/2012, $80.2428,93231278, $80.6071, $81.0528, $79.5143
11/20/2012, $80.1305,160537558, $81.7014, $81.7071, $79.2257
11/19/2012, $80.8185,205441312, $77.2443, $81.0714, $77.1257
11/16/2012, $75.3825,316194785, $75.0285, $75.7143, $72.25
11/15/2012, $75.0885,197157859, $76.79, $77.0714, $74.66
11/14/2012, $76.6971,119026076, $77.9285, $78.2071, $76.5971
11/13/2012, $77.5568,133201920, $76.9871, $78.64, $76.6228
11/12/2012, $77.5471,128801509, $79.1643, $79.2143, $76.95
11/09/2012, $78.1514,232298080, $77.2028, $79.2685, $76.2457
11/08/2012, $76.8214,263467059, $80.09, $80.3185, $76.47
11/07/2012, $79.7145,198152419, $81.9764, $82.0771, $79.3928
11/06/2012, $83.2642,93580438, $84.3185, $84.3914, $82.87
11/05/2012, $83.5173,132221850, $83.3593, $83.9671, $82.5143
11/02/2012, $82.4,149722555, $85.1271, $85.2785, $82.1071
11/01/2012, $85.22,90287637, $85.46, $86.1428, $84.8814
10/31/2012, $85.0457,127361118, $84.9828, $85.9943, $83.9571
10/26/2012, $86.2857,254608276, $87.0614, $87.7143, $84.4285
10/25/2012, $87.0768,159313328, $88.5714, $88.8571, $86.5071
10/24/2012, $88.1185,139246492, $88.7771, $89.5071, $87.2343
10/23/2012, $87.6222,176497913, $90.1428, $90.5571, $87.3857
10/22/2012, $90.5757,136374671, $87.4885, $90.7685, $87.2514
10/19/2012, $87.12,185618286, $90.15, $90.2528, $87.0885
10/18/2012, $90.3771,119025656, $91.37, $91.7228, $90
10/17/2012, $92.0876,97195099, $92.6957, $93.2557, $92
10/16/2012, $92.8275,137208791, $90.7671, $92.9, $90.1428
10/15/2012, $90.68,107948432, $90.3357, $90.7328, $89.1214
10/12/2012, $89.9591,114883754, $89.9371, $90.7685, $89.3285
10/11/2012, $89.7285,136341211, $92.3571, $92.4571, $89.7285
10/10/2012, $91.5585,127322338, $91.3914, $92.14, $91
10/09/2012, $90.8357,209390853, $91.2357, $91.4985, $89.0785
10/08/2012, $91.1671,159189568, $92.4114, $92.5085, $90.8728
10/05/2012, $93.2271,148189554, $95.0285, $95.1428, $93.04
10/04/2012, $95.2571,92516018, $95.8928, $96.3214, $95.0785
10/03/2012, $95.9214,105850532, $94.98, $95.98, $94.6614
10/02/2012, $94.4728,156293037, $94.5443, $95.1928, $92.95
10/01/2012, $94.1985,135694481, $95.88, $96.6785, $93.7857
09/28/2012, $95.3007,133569490, $96.9643, $97.3014, $95.25
09/27/2012, $97.3314,148037514, $94.8985, $97.4528, $94.3357
09/26/2012, $95.0257,144088393, $95.5343, $96.0985, $94.4571
09/25/2012, $96.22,129376629, $98.3228, $98.9685, $96.1428
09/24/2012, $98.6843,159435968, $98.1228, $99.3028, $97.5714
09/21/2012, $100.0135,142582763, $100.3443, $100.7243, $99.9088
09/20/2012, $99.8143,83949835, $99.88, $100.0085, $99.0885
09/19/2012, $100.3,81575714, $100.0371, $100.57, $99.9385
09/18/2012, $100.2728,93139368, $99.9828, $100.3328, $99.4885
09/17/2012, $99.9687,98918360, $99.9071, $99.9714, $99.23
09/14/2012, $98.7543,149877325, $98.565, $99.5685, $98.27
09/13/2012, $97.5685,149262095, $96.7671, $97.9285, $96.3957
09/12/2012, $95.6843,177589913, $95.2643, $95.7, $93.7143
09/11/2012, $94.37,125760918, $95.0157, $95.7285, $93.7857
09/10/2012, $94.6771,121551956, $97.2071, $97.6128, $94.5857
09/07/2012, $97.2057,82228185, $96.8643, $97.4971, $96.5385
09/06/2012, $96.61,97738999, $96.1671, $96.8985, $95.8285
09/05/2012, $95.7471,83949835, $96.51, $96.6214, $95.6571
09/04/2012, $96.4243,91805028, $95.1085, $96.4485, $94.9285
08/31/2012, $95.0343,84463495, $95.3214, $95.5143, $93.8928
08/30/2012, $94.8383,75514273, $95.8057, $95.9363, $94.6933
08/29/2012, $96.2094,50544551, $96.4643, $96.81, $96.0857
08/28/2012, $96.4,66709096, $96.4253, $96.5857, $95.8104
08/27/2012, $96.5257,106575802, $97.1414, $97.2671, $96.22
08/24/2012, $94.746,107074132, $94.2157, $95.64, $93.65
08/23/2012, $94.6614,104855271, $95.1585, $95.7, $94.45
08/22/2012, $95.5528,140900172, $93.4885, $95.5714, $92.5871
08/21/2012, $93.7231,202792581, $95.8314, $96.4114, $92.9043
08/20/2012, $95.0214,152992536, $92.8585, $95.0214, $92.8428
08/17/2012, $92.5871,110457373, $91.4285, $92.5985, $91.2585
08/16/2012, $90.9057,63601368, $90.1728, $90.9657, $90.0714
08/15/2012, $90.1185,64307325, $90.1857, $90.5714, $89.6785
08/14/2012, $90.2414,84939075, $90.2671, $91.23, $90.03
08/13/2012, $90,69562052, $89.0557, $90, $89.0357
08/10/2012, $88.8143,48726623, $88.3871, $88.8228, $88.3857
08/09/2012, $88.6757,55081834, $88.2643, $88.8185, $88.2571
08/08/2012, $88.5514,60970746, $88.4843, $89.1257, $88.1571
08/07/2012, $88.702,72558872, $88.9671, $89.2857, $88.2914
08/06/2012, $88.9357,75488233, $88.1843, $89.2668, $87.8943
08/03/2012, $87.9571,86083296, $87.6614, $88.2828, $87.3657
08/02/2012, $86.8271,83023385, $86.12, $87.2414, $85.75
08/01/2012, $86.6871,96002719, $87.9864, $88.0571, $86.1428
07/31/2012, $87.2514,115373055, $86.1757, $87.3857, $86.1028
07/30/2012, $85.0043,94626868, $84.4171, $85.6343, $83.9743
07/27/2012, $83.5943,100956620, $82.1443, $83.69, $81.6557
07/26/2012, $82.1257,101611050, $82.8228, $82.9143, $81.48
07/25/2012, $82.1385,219211506, $82.0657, $82.9714, $81.4285
07/24/2012, $85.8457,137351661, $86.7685, $87.0971, $85.5014
07/23/2012, $86.2614,121642186, $84.9143, $86.5571, $83.9585
07/20/2012, $86.3285,99227200, $87.5757, $87.7771, $86.2428
07/19/2012, $87.76,108981913, $87.3257, $87.9071, $86.5714
07/18/2012, $86.6085,62685509, $86.6557, $86.9057, $86.2228
07/17/2012, $86.7057,73378782, $87.2557, $87.3571, $86.1643
07/16/2012, $86.7014,75263813, $86.4457, $87.3743, $86.4314
07/13/2012, $86.4243,77827633, $86.1357, $86.7414, $85.7143
07/12/2012, $85.5571,106873442, $85.7485, $86.21, $84.6685
07/11/2012, $86.3471,117068665, $86.5885, $86.8085, $85.3171
07/10/2012, $86.8871,127763688, $88.2814, $88.5528, $86.4728
07/09/2012, $87.6985,94701768, $86.4714, $87.7, $86.3014
07/06/2012, $86.5543,104693151, $86.7271, $86.92, $85.94
07/05/2012, $87.1343,120978516, $85.7943, $87.7628, $85.6643
07/03/2012, $85.63,60428183, $84.9828, $85.7143, $84.8571
07/02/2012, $84.6457,99806940, $83.5328, $84.7814, $83.3714
06/29/2012, $83.4285,105131912, $82.5714, $83.4285, $82.0357
06/28/2012, $81.2928,70572061, $81.6671, $82, $80.8014
06/27/2012, $82.0714,50737114, $82.1428, $82.3914, $81.7028
06/26/2012, $81.7178,69124972, $81.6185, $82.07, $81.0471
06/25/2012, $81.5378,75963043, $82.4714, $82.8285, $81.4814
06/22/2012, $83.1571,70792001, $82.72, $83.17, $82.2028
06/21/2012, $82.5243,81511944, $83.6343, $84.0314, $82.4914
06/20/2012, $83.6773,89706357, $84.03, $84.1785, $82.9714
06/19/2012, $83.9157,90239127, $83.3428, $84.2857, $83.3
06/18/2012, $83.6828,109922713, $81.5657, $83.9843, $81.4814
06/15/2012, $82.0185,83596545, $81.5714, $82.0885, $81.3643
06/14/2012, $81.6471,86325986, $81.6057, $81.9285, $81.0371
06/13/2012, $81.7371,73380042, $82.0743, $82.64, $81.4828
06/12/2012, $82.3085,108784723, $82.0657, $82.3743, $80.9571
06/11/2012, $81.5957,147605824, $83.96, $84.0714, $81.5185
06/08/2012, $82.9028,86587996, $81.6571, $82.9405, $81.2857
06/07/2012, $81.6743,94916808, $82.47, $82.4743, $81.5
06/06/2012, $81.6371,100135800, $81.11, $81.9785, $80.7857
06/05/2012, $80.4043,96944429, $80.1814, $80.9243, $79.7614
06/04/2012, $80.6128,138991972, $80.2143, $81.0714, $78.3571
06/01/2012, $80.1414,130080689, $81.3085, $81.8071, $80.0743
05/31/2012, $82.5328,122817347, $82.9628, $83.0714, $81.6371
05/30/2012, $82.7385,132188320, $81.3143, $82.8557, $80.9371
05/29/2012, $81.7528,94973228, $81.5571, $82, $80.7585
05/25/2012, $80.3271,81958125, $80.6557, $80.8357, $79.7817
05/24/2012, $80.76,123856147, $82.2671, $82.3571, $80.1757
05/23/2012, $81.5085,145594164, $79.6428, $81.8285, $79.0328
05/22/2012, $79.5671,173417772, $81.3643, $81.9828, $78.94
05/21/2012, $80.1828,157250007, $76.3571, $80.22, $76.2928
05/18/2012, $75.7685,182773345, $76.28, $77.63, $74.5971
05/17/2012, $75.7314,178603164, $77.9014, $78.2143, $75.7314
05/16/2012, $78.0107,139914782, $79.15, $79.5557, $77.2914
05/15/2012, $79.0243,118859546, $80.2071, $80.46, $78.8214
05/14/2012, $79.7457,87975396, $80.3671, $81.0728, $79.6571
05/11/2012, $80.9585,99653570, $80.7143, $82.0671, $80.6214
05/10/2012, $81.5028,83026395, $82.0828, $82.2685, $81.2058
05/09/2012, $81.3114,120022806, $80.5285, $81.9968, $80.1214
05/08/2012, $81.1685,124080357, $81.3685, $81.6428, $79.8185
05/07/2012, $81.3543,114959564, $80.2143, $81.8243, $80.1757
05/04/2012, $80.75,132304520, $82.44, $82.6228, $80.7385
05/03/2012, $83.1171,97380669, $84.3571, $84.4857, $82.9
05/02/2012, $83.7114,106750312, $82.8914, $83.9142, $82.6943
05/01/2012, $83.1614,152492176, $83.5571, $85.2514, $83.0328
04/30/2012, $83.4257,126321688, $85.4, $85.4857, $83.2857
04/27/2012, $86.1428,101533910, $86.4385, $86.5971, $85.7857
04/26/2012, $86.8143,133588810, $87.7528, $87.8128, $86.0185
04/25/2012, $87.1428,225862488, $87.9478, $88.2857, $86.5714
04/24/2012, $80.04,263552249, $80.3728, $81.0985, $79.2857
04/23/2012, $81.6714,241398292, $81.5157, $82.3814, $79.5171
04/20/2012, $81.8543,257480867, $84.4828, $84.9457, $81.4885
04/19/2012, $83.92,208302982, $85.7457, $86.3903, $83.5028
04/18/2012, $86.9057,238277411, $87.6743, $88.6071, $86.1014
04/17/2012, $87.1,255328647, $82.7057, $87.1428, $81.7014
04/16/2012, $82.8757,262356159, $87.1514, $87.1828, $82.6071
04/13/2012, $86.4614,214640084, $89.1585, $89.2428, $86.2157
04/12/2012, $88.9671,153188746, $89.2857, $90.19, $88.6428
04/11/2012, $89.4571,173844142, $90.8857, $90.9814, $89.0489
04/10/2012, $89.7771,221909237, $91.4185, $92, $89.4285
04/09/2012, $90.89,149052655, $89.4471, $91.4057, $89.3285
04/05/2012, $90.5257,159997578, $89.5685, $90.6657, $89.0571
04/04/2012, $89.1871,142980433, $89.1928, $89.4085, $88.1428
04/03/2012, $89.9028,208117692, $89.6143, $90.3157, $88.93
04/02/2012, $88.3757,149091365, $85.9757, $88.3957, $85.7685
03/30/2012, $85.65,182067395, $86.9671, $87.2228, $85.42
03/29/2012, $87.1228,151111705, $87.54, $88.08, $86.7471
03/28/2012, $88.2314,163667329, $88.34, $88.7785, $87.1871
03/27/2012, $87.7828,151353625, $86.5971, $88.04, $86.58
03/26/2012, $86.7114,148719035, $85.6843, $86.7357, $85.0371
03/23/2012, $85.15,107403062, $85.7843, $85.9714, $84.9144
03/22/2012, $85.62,155867437, $85.3971, $86.3571, $85.0757
03/21/2012, $86.0714,160447118, $86.1057, $87.0928, $85.9157
03/20/2012, $86.5657,203497481, $85.6443, $86.7, $83.1428
03/19/2012, $85.8714,224435817, $85.4814, $85.9671, $84.15
03/16/2012, $83.6528,206076492, $83.5314, $84.1714, $82.5714
03/15/2012, $83.6514,289496777, $85.6585, $85.7157, $82.65
03/14/2012, $84.2257,353599156, $82.5785, $84.96, $82.2
03/13/2012, $81.1571,172173592, $79.6485, $81.1685, $79.3928
03/12/2012, $78.8571,101001000, $78.426, $78.8571, $78.1428
03/09/2012, $77.8814,104560151, $77.7443, $78.2485, $77.5871
03/08/2012, $77.4271,128668929, $76.3843, $77.57, $76.0171
03/07/2012, $75.8128,198964910, $76.6857, $76.8257, $74.7571
03/06/2012, $75.7514,202211301, $74.8085, $76.2414, $73.7458
03/05/2012, $76.1657,201797181, $77.9171, $78.2114, $75.1428
03/02/2012, $77.8828,107544392, $77.7485, $78.1143, $77.5028
03/01/2012, $77.7814,170563731, $78.31, $78.3157, $76.9671
02/29/2012, $77.4914,237448891, $77.3657, $78.23, $76.5285
02/28/2012, $76.4871,149434575, $75.4228, $76.4871, $75.1214
02/27/2012, $75.1085,136457481, $74.4728, $75.5, $73.7543
02/24/2012, $74.63,103715531, $74.2385, $74.7, $74.0914
02/23/2012, $73.77,141721973, $73.5828, $73.9756, $72.7857
02/22/2012, $73.2914,120564116, $73.2971, $73.6414, $72.7243
02/21/2012, $73.55,150412545, $72.4114, $73.55, $72.0171
02/17/2012, $71.7314,133666300, $71.8728, $72.5385, $71.4714
02/16/2012, $71.7443,235805641, $70.2143, $72.1271, $69.5186
02/15/2012, $71.0957,374517892, $73.4657, $75.1843, $70.9843
02/14/2012, $72.78,114963904, $72.0943, $72.7943, $71.7143
02/13/2012, $71.8,128970559, $71.3614, $71.9757, $71.0128
02/10/2012, $70.4886,157587127, $70.1371, $71.0886, $69.7928
02/09/2012, $70.4528,220416976, $68.68, $70.9643, $68.6514
02/08/2012, $68.0971,101696381, $67.2143, $68.1128, $67.1
02/07/2012, $66.9757,78941684, $66.4643, $67.1071, $66.3687
02/06/2012, $66.2814,62225658, $65.4828, $66.4257, $65.4573
02/03/2012, $65.6686,71618981, $65.3286, $65.7143, $65.08
02/02/2012, $65.0171,46615058, $65.1286, $65.31, $64.8543
02/01/2012, $65.17,67269418, $65.4871, $65.57, $65.0786
01/31/2012, $65.2114,97874379, $65.0843, $65.4628, $64.7243
01/30/2012, $64.7157,94626868, $63.6728, $64.8428, $63.6271
01/27/2012, $63.8971,74902122, $63.4771, $64.0686, $63.3957
01/26/2012, $63.5186,80913094, $64.0514, $64.1128, $63.3057
01/25/2012, $63.8086,239249712, $64.92, $64.9214, $63.39
01/24/2012, $60.0586,127725188, $60.7286, $60.7286, $59.9357
01/23/2012, $61.0584,76162193, $60.3814, $61.2071, $60.3286
01/20/2012, $60.0428,103061661, $61.07, $61.0714, $59.9643
01/19/2012, $61.1071,65151043, $61.45, $61.6241, $60.93
01/18/2012, $61.3014,68859875, $60.9943, $61.3528, $60.9
01/17/2012, $60.6714,60589792, $60.6, $60.8557, $60.4228
01/13/2012, $59.9728,56446393, $59.9571, $60.0643, $59.8086
01/12/2012, $60.1986,53125179, $60.3257, $60.4143, $59.8214
01/11/2012, $60.3643,53739093, $60.3828, $60.4071, $59.9014
01/10/2012, $60.4628,64474443, $60.8443, $60.8571, $60.2143
01/09/2012, $60.2471,98339110, $60.7857, $61.1071, $60.1928
01/06/2012, $60.3428,79538994, $59.9671, $60.3928, $59.8886
01/05/2012, $59.7186,67606475, $59.2786, $59.7928, $58.9528
01/04/2012, $59.0628,64703000, $58.5714, $59.24, $58.4686
01/03/2012, $58.7471,75476123, $58.4857, $58.9286, $58.4286
12/30/2011, $57.8571,44900596, $57.6443, $58.04, $57.6414
12/29/2011, $57.8743,53774275, $57.6286, $57.95, $57.2157
12/28/2011, $57.52,57101943, $58.1271, $58.3214, $57.3343
12/27/2011, $58.0757,66234181, $57.5857, $58.4414, $57.5743
12/23/2011, $57.6186,67331438, $57.0986, $57.6557, $57.0707
12/22/2011, $56.9357,50399476, $56.7143, $57.0186, $56.5857
12/21/2011, $56.635,65476620, $56.67, $56.7571, $56.0014
12/20/2011, $56.5643,84150665, $55.3943, $56.5857, $55.3228
12/19/2011, $54.6014,58582206, $54.6386, $54.9786, $54.3543
12/16/2011, $54.4314,105291372, $54.3371, $54.8786, $54.2243
12/15/2011, $54.1343,64036768, $54.7614, $54.82, $54.0443
12/14/2011, $54.3128,101456840, $55.2428, $55.34, $53.9543
12/13/2011, $55.5443,84620155, $56.1428, $56.4857, $55.3
12/12/2011, $55.9771,74755332, $55.9543, $56.2714, $55.6357
12/09/2011, $56.2314,74176572, $56.1214, $56.2914, $55.8614
12/08/2011, $55.8086,93960468, $55.9214, $56.5, $55.7471
12/07/2011, $55.5843,76144063, $55.7043, $55.8486, $55.2518
12/06/2011, $55.85,70841701, $56.0728, $56.3757, $55.6257
12/05/2011, $56.1443,89257027, $56.2128, $56.63, $55.7697
12/02/2011, $55.6714,94724238, $55.69, $56.2328, $55.5114
12/01/2011, $55.4186,95857679, $54.6486, $55.5714, $54.3928
11/30/2011, $54.6,101253000, $54.47, $54.6108, $54.0428
11/29/2011, $53.3143,93871498, $53.6914, $54.1186, $52.8857
11/28/2011, $53.7314,86538996, $53.1928, $53.8171, $52.9043
11/25/2011, $51.9386,63689820, $52.6314, $53.0214, $51.9028
11/23/2011, $52.4271,107011272, $53.5014, $53.6914, $52.4114
11/22/2011, $53.7871,102201781, $53.0028, $53.99, $52.9914
11/21/2011, $52.7157,111837844, $52.9143, $53.0971, $52.2728
11/18/2011, $53.5628,92964578, $54.1314, $54.2843, $53.5543
11/17/2011, $53.9157,119918436, $54.8543, $54.94, $53.6428
11/16/2011, $54.9671,87102636, $55.6071, $55.8771, $54.9028
11/15/2011, $55.5471,107614952, $54.4, $55.6428, $54.2071
11/14/2011, $54.18,108182162, $54.7886, $55.0357, $54.0286
11/11/2011, $54.9457,163319499, $55.23, $55.5286, $54.3228
11/10/2011, $55.0314,186111226, $56.7186, $56.7443, $54.5928
11/09/2011, $56.4686,139385792, $56.71, $57.27, $56.3186
11/08/2011, $58.0328,99898290, $57.4586, $58.2857, $57.3657
11/07/2011, $57.1043,67411392, $57.13, $57.1428, $56.59
11/04/2011, $57.1771,75324993, $57.4328, $57.6343, $57.0228
11/03/2011, $57.5814,110279293, $57.01, $57.6286, $56.48
11/02/2011, $56.7728,81719705, $57.1557, $57.2057, $56.4443
11/01/2011, $56.6443,132769740, $56.7728, $57.0714, $56.1743
10/31/2011, $57.8257,96335779, $57.4886, $58.4757, $57.2928
10/28/2011, $57.85,80540134, $57.5714, $58.05, $57.5014
10/27/2011, $57.8128,123496347, $58.2228, $58.4286, $57.4128
10/26/2011, $57.2286,113884784, $57.3943, $57.5071, $56.1644
10/25/2011, $56.8243,107432952, $57.8614, $58.0786, $56.7686
10/24/2011, $57.9671,125430938, $56.5971, $58.0714, $56.4857
10/21/2011, $56.1243,154943506, $56.8714, $57.02, $55.8214
10/20/2011, $56.4728,137224191, $57.1428, $57.1928, $56.3157
10/19/2011, $56.9457,275674643, $57.3357, $58.3456, $56.8286
10/18/2011, $60.32,213231124, $60.2514, $60.6867, $59.4271
10/17/2011, $59.9986,171172941, $60.2486, $60.9571, $59.42
10/14/2011, $60.2857,142922473, $59.5471, $60.2857, $59.3243
10/13/2011, $58.3471,105774372, $57.8543, $58.3471, $57.55
10/12/2011, $57.4557,155337537, $58.1914, $58.4643, $57.1628
10/11/2011, $57.1843,151188005, $56.0814, $57.5971, $55.9286
10/10/2011, $55.5443,110141043, $54.1557, $55.5443, $54.03
10/07/2011, $52.8286,133849140, $53.6828, $53.9628, $52.6413
10/06/2011, $53.91,202875671, $53.3328, $54.9686, $53.1149
10/05/2011, $54.0357,196160359, $52.5514, $54.26, $51.4714
10/04/2011, $53.2143,308080802, $53.51, $54.5428, $50.6057
10/03/2011, $53.5143,166972660, $54.3386, $54.6628, $53.3101
09/30/2011, $54.4743,136874891, $55.3028, $55.5557, $54.4543
09/29/2011, $55.7957,162647149, $57.4171, $57.4586, $55.1728
09/28/2011, $56.7157,107310242, $57.17, $57.6771, $56.6443
09/27/2011, $57.0371,157716487, $58.39, $58.4643, $56.8657
09/26/2011, $57.5957,203032191, $57.1228, $57.7114, $55.9
09/23/2011, $57.7571,136487861, $57.1828, $58.1057, $57.1214
09/22/2011, $57.4028,241788403, $57.29, $58.5457, $56.6714
09/21/2011, $58.8771,150996555, $59.9486, $60.2271, $58.8571
09/20/2011, $59.0643,193493638, $59.3214, $60.4086, $58.7414
09/19/2011, $58.8043,205318042, $56.7143, $59.0328, $56.4578
09/16/2011, $57.2143,173859192, $56.5057, $57.2147, $56.4328
09/15/2011, $56.1371,103610951, $55.9186, $56.2371, $55.7
09/14/2011, $55.6143,133540370, $55.2886, $56.03, $55.1086
09/13/2011, $54.9457,110052633, $54.5914, $55.1728, $54.3214
09/12/2011, $54.2771,116765635, $53.2857, $54.4114, $53.1286
09/09/2011, $53.9257,141166172, $54.8471, $55.1428, $53.5743
09/08/2011, $54.8771,103837961, $54.6286, $55.5157, $54.6157
09/07/2011, $54.8471,87373746, $55.08, $55.0857, $54.5714
09/06/2011, $54.2486,127132428, $52.4814, $54.3328, $52.3543
09/02/2011, $53.4357,109691503, $53.5343, $54, $53.1186
09/01/2011, $54.4328,85770886, $55.1171, $55.3343, $54.3886
08/31/2011, $54.9757,130506429, $55.7957, $56.0114, $54.5514
08/30/2011, $55.7128,104308921, $55.4643, $55.9771, $55.1728
08/29/2011, $55.71,101134490, $55.4543, $55.9286, $55.4286
08/26/2011, $54.7971,160158018, $53.0243, $54.8286, $52.9715
08/25/2011, $53.3886,217625305, $52.1543, $53.6357, $52.1428
08/24/2011, $53.74,146323144, $53.3528, $54.1371, $52.9428
08/23/2011, $53.3714,163954819, $51.4714, $53.3771, $51
08/22/2011, $50.92,133633050, $52.0728, $52.1257, $50.7271
08/19/2011, $50.8614,193669478, $51.7386, $52.4286, $50.8571
08/18/2011, $52.2928,212521674, $52.9771, $53.2357, $51.6243
08/17/2011, $54.3486,110099393, $54.6157, $54.9314, $54
08/16/2011, $54.3543,124617257, $54.5028, $54.7671, $53.7228
08/15/2011, $54.7728,114931004, $54.2328, $54.9957, $54.0128
08/12/2011, $53.8557,132123640, $54.01, $54.2343, $53.4614
08/11/2011, $53.3857,185283336, $52.9314, $53.6357, $52.1028
08/10/2011, $51.9557,219333726, $53.0214, $53.5214, $51.7857
08/09/2011, $53.43,270036491, $51.6143, $53.5157, $50.7143
08/08/2011, $50.4586,284991925, $51.67, $52.5386, $50.4314
08/05/2011, $53.3743,300872480, $54.3486, $54.7857, $51.7957
08/04/2011, $53.91,217337675, $55.63, $55.9028, $53.9071
08/03/2011, $56.0814,184655855, $55.8543, $56.2214, $54.6057
08/02/2011, $55.5586,159570018, $56.8071, $56.8428, $55.4786
08/01/2011, $56.6786,152529696, $56.8257, $57.0714, $56.0528
07/29/2011, $55.7828,157856347, $55.3771, $56.45, $54.8571
07/28/2011, $55.9743,148241774, $55.9457, $56.7128, $55.4471
07/27/2011, $56.0843,164365019, $57.2271, $57.52, $56.0214
07/26/2011, $57.63,118968676, $57.1428, $57.7857, $57.0971
07/25/2011, $56.9286,147129404, $55.7643, $57.1428, $55.66
07/22/2011, $56.1857,128609149, $55.4743, $56.4357, $55.3928
07/21/2011, $55.3271,131469069, $55.2786, $55.7228, $54.8428
07/20/2011, $55.2714,234799250, $56.5886, $56.61, $55.1428
07/19/2011, $53.8357,198837160, $54, $54.0928, $53.3314
07/18/2011, $53.4,142687483, $52.2043, $53.5214, $52.1828
07/15/2011, $52.1314,120737646, $51.5957, $52.1428, $51.31
07/14/2011, $51.11,107130272, $51.5728, $51.6586, $50.9057
07/13/2011, $51.1457,97557419, $51.19, $51.4286, $50.9114
07/12/2011, $50.5357,112716764, $50.5043, $51.0971, $49.8028
07/11/2011, $50.5714,110366513, $50.9057, $51.3957, $50.4028
07/08/2011, $51.3871,122332877, $50.4771, $51.4286, $50.3143
07/07/2011, $51.0286,99596520, $50.6671, $51.1428, $50.5714
07/06/2011, $50.2514,110994483, $49.85, $50.5857, $49.53
07/05/2011, $49.9186,88675467, $49, $49.9757, $48.9286
07/01/2011, $49.0371,109926493, $47.9928, $49.0714, $47.7428
06/30/2011, $47.9528,80686784, $47.8143, $48.0186, $47.5486
06/29/2011, $47.72,88123516, $48.0057, $48.0528, $47.4114
06/28/2011, $47.8943,73368002, $47.6643, $48.1, $47.6343
06/27/2011, $47.4343,84812375, $46.7986, $47.7, $46.75
06/24/2011, $46.6214,109887573, $47.3386, $47.5928, $46.4414
06/23/2011, $47.3186,139572412, $45.5628, $47.3843, $45.4457
06/22/2011, $46.0871,97468589, $46.4514, $46.9857, $46.0543
06/21/2011, $46.4714,123112957, $45.24, $46.5428, $45.0286
06/20/2011, $45.0457,159899088, $45.3364, $45.3857, $44.3571
06/17/2011, $45.7514,153715076, $46.9986, $47.0357, $45.6228
06/16/2011, $46.4514,126824918, $46.7, $46.9544, $45.4757
06/15/2011, $46.6786,98960500, $47.1071, $47.1857, $46.4114
06/14/2011, $47.4914,83499035, $47.1428, $47.6071, $47.0443
06/13/2011, $46.6571,82344175, $46.7428, $46.9014, $46.4386
06/10/2011, $46.5571,108450403, $47.2214, $47.38, $46.5014
06/09/2011, $47.3557,68737284, $47.6071, $47.6671, $47.25
06/08/2011, $47.4628,83311015, $47.3971, $47.8286, $47.2357
06/07/2011, $47.4343,132345680, $48.31, $48.3171, $47.4143
06/06/2011, $48.2914,115190075, $49.3857, $49.5786, $48.2586
06/03/2011, $49.0628,77951813, $49.0257, $49.3328, $48.8586
06/02/2011, $49.4431,84669645, $49.5, $49.7114, $49.1857
06/01/2011, $49.3586,138299601, $49.8386, $50.3046, $49.2357
05/31/2011, $49.69,104084431, $48.7286, $49.69, $48.7143
05/27/2011, $48.2014,50882462, $47.8286, $48.2328, $47.7586
05/26/2011, $47.8571,55623739, $47.9957, $48.1271, $47.7764
05/25/2011, $48.1114,73437442, $47.6328, $48.3657, $47.55
05/24/2011, $47.4557,80444934, $47.9286, $47.9856, $47.3343
05/23/2011, $47.7714,95541069, $47.1386, $47.9971, $47.06
05/20/2011, $47.8886,84476515, $48.5086, $48.7071, $47.86
05/19/2011, $48.6471,65148271, $48.8686, $48.9163, $48.3814
05/18/2011, $48.5528,83511355, $48.0671, $48.7214, $48
05/17/2011, $48.02,113030224, $47.4286, $48.02, $47.2471
05/16/2011, $47.6143,112334984, $48.4571, $48.7457, $47.5143
05/13/2011, $48.6428,81443694, $49.38, $49.4643, $48.6214
05/12/2011, $49.51,79915454, $49.4457, $49.5886, $48.8957
05/11/2011, $49.6043,83509605, $49.86, $50, $49.32
05/10/2011, $49.9214,71227611, $49.8414, $49.9557, $49.5228
05/09/2011, $49.6571,51143653, $49.6943, $49.8857, $49.5039
05/06/2011, $49.5228,69991117, $49.9557, $50, $49.4586
05/05/2011, $49.5357,83850155, $49.7714, $50.1357, $49.4357
05/04/2011, $49.9386,97622099, $49.7514, $50.2614, $49.5543
05/03/2011, $49.7428,78201993, $49.7128, $49.9843, $49.3743
05/02/2011, $49.4686,110396403, $49.9628, $50.067, $49.3571
04/29/2011, $50.0186,208434163, $49.54, $50.5643, $49.5237
04/28/2011, $49.5357,89955627, $49.4557, $49.9643, $49.36
04/27/2011, $50.0214,88778857, $50.32, $50.3357, $49.5857
04/26/2011, $50.06,84367665, $50.5171, $50.7128, $49.9071
04/25/2011, $50.4298,66418687, $50.0486, $50.5357, $50.0428
04/21/2011, $50.0994,188240276, $50.7143, $50.7328, $49.7886
04/20/2011, $48.9157,165860990, $49.0728, $49.3928, $48.7857
04/19/2011, $48.2657,104574571, $47.5857, $48.2828, $47.3871
04/18/2011, $47.4071,152935766, $46.5857, $47.4614, $45.7371
04/15/2011, $46.78,113325554, $47.6143, $47.6628, $46.6857
04/14/2011, $47.4886,75357053, $47.8286, $48, $47.4371
04/13/2011, $48.0186,86483416, $47.86, $48.02, $47.5028
04/12/2011, $47.4857,106196122, $47.2128, $47.6757, $47.1714
04/11/2011, $47.2571,99679750, $47.7228, $47.9528, $47.1457
04/08/2011, $47.8657,94195248, $48.56, $48.5928, $47.7071
04/07/2011, $48.2971,93268378, $48.3, $48.6328, $48.0043
04/06/2011, $48.2914,100460810, $48.7457, $49.1286, $48.1628
04/05/2011, $48.4128,120651896, $48.1414, $48.8928, $48
04/04/2011, $48.7414,114751314, $49.1871, $49.2286, $48.3428
04/01/2011, $49.2228,104496031, $50.1586, $50.2267, $49.0428
03/31/2011, $49.7868,68453161, $49.48, $49.9714, $49.4371
03/30/2011, $49.8043,82147055, $50.0914, $50.1257, $49.6343
03/29/2011, $50.1371,88011586, $49.6657, $50.1371, $49.4371
03/28/2011, $50.0628,77053503, $50.45, $50.6171, $50.0628
03/25/2011, $50.22,111997444, $49.7243, $50.2943, $49.5743
03/24/2011, $49.2814,100635740, $48.8357, $49.4286, $48.4086
03/23/2011, $48.4557,93078328, $48.4686, $48.6028, $47.9928
03/22/2011, $48.7428,81435364, $48.9371, $48.9457, $48.4486
03/21/2011, $48.4714,103178211, $47.9986, $48.5343, $47.8943
03/18/2011, $47.2386,188150886, $48.1614, $48.3143, $47.1428
03/17/2011, $47.8057,164523359, $48.1186, $48.5157, $47.2371
03/16/2011, $47.1443,287646046, $48.8571, $49, $46.6086
03/15/2011, $49.3471,179747944, $48.8714, $49.6914, $48.5857
03/14/2011, $50.5086,108959443, $50.4543, $50.9263, $50.1871
03/11/2011, $50.2843,117542215, $49.3328, $50.3314, $49.2857
03/10/2011, $49.5243,126724608, $49.8743, $49.9671, $49.2714
03/09/2011, $50.3528,113249954, $50.67, $50.68, $50.0857
03/08/2011, $50.8228,88957077, $50.7014, $51.0571, $50.3214
03/07/2011, $50.7657,136302361, $51.6286, $51.6671, $50.1871
03/04/2011, $51.4286,113155454, $51.4386, $51.47, $51.1071
03/03/2011, $51.3657,124643787, $51.0271, $51.3986, $50.8457
03/02/2011, $50.3028,150412615, $49.9943, $50.6214, $49.7714
03/01/2011, $49.9014,113527924, $50.7814, $50.8171, $49.6687
02/28/2011, $50.4586,100497210, $50.1771, $50.7214, $50.16
02/25/2011, $49.7371,94401188, $49.3228, $49.7757, $49.2571
02/24/2011, $48.9828,124804997, $49.1457, $49.3071, $48.3386
02/23/2011, $48.9457,167580960, $48.3957, $49.2343, $48.3728
02/22/2011, $48.3728,217592825, $48.8786, $49.3428, $48.2457
02/18/2011, $50.08,203326891, $51.2443, $51.3571, $49.9314
02/17/2011, $51.1857,132320200, $51.0357, $51.4671, $50.9314
02/16/2011, $51.8757,118767216, $51.5428, $52.1286, $51.5
02/15/2011, $51.4143,70731871, $51.3128, $51.4243, $51.0786
02/14/2011, $51.3114,77500243, $50.97, $51.3543, $50.9586
02/11/2011, $50.9786,91775628, $50.6789, $51.1143, $50.5057
02/10/2011, $50.6486,231786170, $51.0557, $51.4286, $49.7143
02/09/2011, $51.1657,120447916, $50.7414, $51.2857, $50.6957
02/08/2011, $50.7428,94755248, $50.5257, $50.7886, $50.3071
02/07/2011, $50.2686,121039906, $49.6986, $50.4643, $49.6628
02/04/2011, $49.5,80346164, $49.0914, $49.5286, $49.0728
02/03/2011, $49.0628,98290879, $49.1143, $49.1771, $48.3643
02/02/2011, $49.1886,64653258, $49.2071, $49.3214, $49.0786
02/01/2011, $49.29,106341512, $48.7571, $49.3786, $48.7114
01/31/2011, $48.4743,94202598, $47.9714, $48.5771, $47.7571
01/28/2011, $48.0143,147746454, $49.1671, $49.2, $47.6468
01/27/2011, $49.03,71129331, $49.1114, $49.2418, $48.9758
01/26/2011, $49.1214,126542748, $48.9943, $49.3714, $48.7857
01/25/2011, $48.7714,135998561, $48.0471, $48.7771, $47.7957
01/24/2011, $48.2071,143251473, $46.6957, $48.2071, $46.6743
01/21/2011, $46.6743,188198066, $47.6814, $47.84, $46.6614
01/20/2011, $47.5257,190898107, $48.0614, $48.3286, $47.16
01/19/2011, $48.4057,283119845, $49.7643, $49.8, $48.1257
01/18/2011, $48.6643,462442329, $47.0743, $49.2518, $46.5714
01/14/2011, $49.7828,76865693, $49.4128, $49.7828, $49.2057
01/13/2011, $49.3828,74023552, $49.3086, $49.52, $49.1214
01/12/2011, $49.2028,75491803, $49.0357, $49.2043, $48.8571
01/11/2011, $48.8057,110618303, $49.2686, $49.28, $48.4957
01/10/2011, $48.9221,111939414, $48.4043, $49.0328, $48.1671
01/07/2011, $48.0171,77371653, $47.7128, $48.05, $47.4143
01/06/2011, $47.6757,74957912, $47.817, $47.8928, $47.5571
01/05/2011, $47.7143,63310259, $47.0786, $47.7628, $47.0714
01/04/2011, $47.3271,77212123, $47.4914, $47.5, $46.8786
01/03/2011, $47.0814,110964733, $46.52, $47.18, $46.4052
12/31/2010, $46.08,48344906, $46.1357, $46.2114, $45.9014
12/30/2010, $46.2371,39354103, $46.4971, $46.5014, $46.15
12/29/2010, $46.47,40775656, $46.6028, $46.6357, $46.4428
12/28/2010, $46.4957,43898371, $46.5586, $46.6657, $46.4371
12/27/2010, $46.3828,62274056, $46.1217, $46.4914, $45.9314
12/23/2010, $46.2286,55731469, $46.4286, $46.45, $46.1671
12/22/2010, $46.4514,66449697, $46.3371, $46.5314, $46.2214
12/21/2010, $46.315,63928793, $46.1428, $46.3414, $46.0071
12/20/2010, $46.03,96006079, $45.9428, $46.1786, $45.4614
12/17/2010, $45.8014,96587849, $45.9471, $45.97, $45.7471
12/16/2010, $45.8928,80244454, $45.87, $46.0871, $45.7286
12/15/2010, $45.7657,103780771, $45.7143, $46.1428, $45.5986
12/14/2010, $45.7557,87718986, $45.9614, $46.0771, $45.5714
12/13/2010, $45.9528,109673093, $46.3386, $46.4371, $45.8571
12/10/2010, $45.7943,65576594, $45.6643, $45.8643, $45.5143
12/09/2010, $45.6796,73378782, $46.0188, $46.0714, $45.5743
12/08/2010, $45.8586,80165284, $45.6614, $45.86, $45.3014
12/07/2010, $45.4586,97437439, $46.2571, $46.2843, $45.4457
12/06/2010, $45.7357,111165143, $45.52, $46.0471, $45.4886
12/03/2010, $45.3486,85503906, $45.2871, $45.5214, $45.1914
12/02/2010, $45.45,115699815, $45.3614, $45.5714, $44.9843
12/01/2010, $45.2,114829084, $45.0386, $45.3928, $45
11/30/2010, $44.45,125157098, $44.7914, $44.9086, $44.41
11/29/2010, $45.2671,110489713, $45.0714, $45.3543, $44.4828
11/26/2010, $45,59436255, $44.82, $45.3857, $44.7057
11/24/2010, $44.9707,103401091, $44.5714, $45.0571, $44.5357
11/23/2010, $44.1043,129372219, $44.35, $44.5357, $43.7943
11/22/2010, $44.7657,97869619, $43.8114, $44.7657, $43.6957
11/19/2010, $43.8186,96113949, $43.9957, $44.0571, $43.6057
11/18/2010, $44.0614,123123667, $43.6, $44.2386, $43.5271
11/17/2010, $42.9286,119653066, $43.0286, $43.4271, $42.5371
11/16/2010, $43.0843,164041549, $43.6743, $43.9428, $42.76
11/15/2010, $43.8621,100475160, $44.0657, $44.3628, $43.7528
11/12/2010, $44.0043,198704230, $45.1428, $45.2143, $43.3757
11/11/2010, $45.2364,90179837, $45, $45.4857, $44.8928
11/10/2010, $45.4328,95152429, $45.2343, $45.5386, $44.7928
11/09/2010, $45.1543,95514329, $45.8643, $45.9, $44.9286
11/08/2010, $45.5171,69985111, $45.3143, $45.6814, $45.2514
11/05/2010, $45.3043,90104657, $45.4271, $45.6528, $45.25
11/04/2010, $45.4671,159613418, $45.0643, $45.74, $45.0043
11/03/2010, $44.6857,126496828, $44.4814, $44.6971, $44.0757
11/02/2010, $44.1943,107689502, $43.8571, $44.3128, $43.8571
11/01/2010, $43.4543,105463082, $43.1743, $43.6571, $43.1714
10/29/2010, $42.9971,106459252, $43.4614, $43.6971, $42.9814
10/28/2010, $43.6057,137111911, $43.9928, $44, $42.9857
10/27/2010, $43.9757,97963209, $43.95, $44.2714, $43.6571
10/26/2010, $44.0071,97175079, $43.8386, $44.2486, $43.6643
10/25/2010, $44.12,96214749, $44.1557, $44.5143, $44.0628
10/22/2010, $43.9243,92488648, $44.1528, $44.2914, $43.7571
10/21/2010, $44.2171,136781721, $44.6228, $44.9628, $43.8286
10/20/2010, $44.3614,179414674, $44.1428, $44.8928, $43.8386
10/19/2010, $44.2128,307005952, $43.3428, $44.8243, $42.86
10/18/2010, $45.4286,267603430, $45.4957, $45.5714, $44.8986
10/15/2010, $44.9628,229189449, $43.92, $45, $43.5586
10/14/2010, $43.1871,108314742, $43.0986, $43.21, $42.9143
10/13/2010, $42.8771,155265647, $42.8857, $43.1371, $42.8286
10/12/2010, $42.6486,139112862, $42.2014, $42.7857, $41.7843
10/11/2010, $42.1943,106676392, $42.1057, $42.4628, $42.0857
10/08/2010, $42.01,164183439, $41.6733, $42.0714, $41.4286
10/07/2010, $41.3171,101859481, $41.4766, $41.4971, $40.9871
10/06/2010, $41.3128,167206320, $41.37, $41.7128, $40.7514
10/05/2010, $41.2771,124901667, $40.2857, $41.35, $40.2601
10/04/2010, $39.8057,108637023, $40.2286, $40.4143, $39.6814
10/01/2010, $40.36,112000034, $40.878, $40.94, $40.1928
09/30/2010, $40.5357,167988710, $41.2857, $41.4286, $40.1786
09/29/2010, $41.0528,117244505, $41.0328, $41.4014, $40.8571
09/28/2010, $40.98,258538988, $41.6814, $41.6814, $39.2857
09/27/2010, $41.5948,120369236, $41.9964, $42.1043, $41.5728
09/24/2010, $41.76,161761929, $41.7286, $41.9328, $41.5071
09/23/2010, $41.2743,196189899, $40.9043, $41.8228, $40.8571
09/22/2010, $41.1071,146168794, $40.3871, $41.14, $40.3443
09/21/2010, $40.5386,166544330, $40.5514, $41.05, $40.3986
09/20/2010, $40.4614,164490809, $39.44, $40.54, $39.4071
09/17/2010, $39.3386,157292917, $39.67, $39.7086, $39.0971
09/16/2010, $39.51,162463819, $38.6057, $39.5243, $38.5
09/15/2010, $38.6028,106805122, $38.31, $38.6257, $38.2628
09/14/2010, $38.2943,101293530, $38.03, $38.4528, $37.9314
09/13/2010, $38.1486,96883319, $37.9743, $38.3257, $37.9657
09/10/2010, $37.63,96849369, $37.5986, $37.7857, $37.3428
09/09/2010, $37.5814,109347103, $37.8628, $38.0743, $37.56
09/08/2010, $37.56,131395709, $37.1114, $37.77, $37.0143
09/07/2010, $36.83,85565506, $36.6628, $37.0757, $36.6071
09/03/2010, $36.9671,130035609, $36.4414, $36.9686, $36.3571
09/02/2010, $36.0243,103632581, $35.8946, $36.0243, $35.51
09/01/2010, $35.7614,173960762, $35.3528, $35.9228, $35.1828
08/31/2010, $34.7286,104966361, $34.55, $34.9371, $34.3357
08/30/2010, $34.6428,95553599, $34.3943, $35.1071, $34.3829
08/27/2010, $34.5171,136758551, $34.5357, $34.6586, $33.6514
08/26/2010, $34.3257,116284385, $35.0643, $35.1071, $34.3254
08/25/2010, $34.6986,148938905, $34.0057, $34.8557, $33.8857
08/24/2010, $34.2757,150183995, $34.6671, $34.7143, $34.0928
08/23/2010, $35.1143,103289091, $35.97, $36, $35.0357
08/20/2010, $35.6628,95681559, $35.6271, $36.2743, $35.5714
08/19/2010, $35.6971,106533662, $36.12, $36.2114, $35.5257
08/18/2010, $36.1528,84548265, $36.0514, $36.3814, $35.94
08/17/2010, $35.9957,105546662, $35.7257, $36.3757, $35.6
08/16/2010, $35.3771,79420764, $35.3686, $35.7157, $35.2314
08/13/2010, $35.5857,88560037, $35.95, $35.9828, $35.5843
08/12/2010, $35.97,133552620, $35.2414, $36.1571, $35.16
08/11/2010, $35.7414,154454626, $36.4857, $36.5271, $35.6871
08/10/2010, $37.0586,112874754, $37.1214, $37.2071, $36.7928
08/09/2010, $37.3928,75552633, $37.3543, $37.45, $37.0814
08/06/2010, $37.1558,111151143, $37.1114, $37.3557, $36.8043
08/05/2010, $37.3857,72257102, $37.39, $37.5971, $37.2214
08/04/2010, $37.5686,105052042, $37.5486, $37.7543, $37.1873
08/03/2010, $37.4186,104082541, $37.2871, $37.6086, $37.06
08/02/2010, $37.4071,106583082, $37.2057, $37.5128, $37.0886
07/30/2010, $36.75,112029784, $36.5561, $37.1, $36.4143
07/29/2010, $36.8728,160834008, $37.2443, $37.5214, $36.5857
07/28/2010, $37.28,129737759, $37.6671, $37.9986, $37.1786
07/27/2010, $37.7257,145188934, $37.2671, $37.8286, $37.1857
07/26/2010, $37.04,104188731, $37.1428, $37.1571, $36.8157
07/23/2010, $37.1343,133236640, $36.7271, $37.1971, $36.6114
07/22/2010, $37.0034,161139628, $36.8114, $37.1428, $36.4728
07/21/2010, $36.32,295973249, $37.87, $37.8786, $36.2857
07/20/2010, $35.9843,263591379, $34.7, $36.1286, $34.2871
07/19/2010, $35.0828,255842447, $35.6971, $35.6971, $34.2286
07/16/2010, $35.7,259540618, $36.1686, $36.4243, $35.4871
07/15/2010, $35.9214,205060442, $35.4614, $36.71, $35.3286
07/14/2010, $36.1038,202950851, $35.6257, $36.5428, $35.5714
07/13/2010, $35.9711,296797219, $36.6171, $36.6286, $35.2043
07/12/2010, $36.755,140474992, $36.9328, $37.4071, $36.4086
07/09/2010, $37.0886,108260072, $36.6986, $37.1286, $36.4514
07/08/2010, $36.87,184252935, $37.4971, $37.5571, $36.4128
07/07/2010, $36.9521,163169979, $35.7843, $36.9671, $35.6786
07/06/2010, $35.5186,153559326, $35.8571, $36.1143, $35.1657
07/02/2010, $35.2771,173446612, $35.7843, $35.8471, $34.7428
07/01/2010, $35.4971,255527517, $36.3286, $36.4, $34.7457
06/30/2010, $35.9328,184538045, $36.6728, $36.8528, $35.7157
06/29/2010, $36.5957,282782865, $37.7316, $37.77, $36.3286
06/28/2010, $38.3286,146186434, $38.1328, $38.5357, $37.7886
06/25/2010, $38.1,136678611, $38.58, $38.61, $37.9728
06/24/2010, $38.4286,178309303, $38.7143, $39.0278, $38.3
06/23/2010, $38.71,191838418, $39.2257, $39.2371, $38.2714
06/22/2010, $39.1214,178776694, $38.88, $39.4243, $38.7857
06/21/2010, $38.5957,193217628, $39.67, $39.8586, $38.39
06/18/2010, $39.1534,195928029, $38.8928, $39.2857, $38.7743
06/17/2010, $38.8386,217872895, $38.6571, $38.9857, $38.5
06/16/2010, $38.1786,195557169, $37.3, $38.25, $37.2329
06/15/2010, $37.0986,145862054, $36.52, $37.1214, $36.5
06/14/2010, $36.3257,150469315, $36.5657, $37.0214, $36.2871
06/11/2010, $36.2157,136154451, $35.4607, $36.2657, $35.3386
06/10/2010, $35.7871,193507918, $34.9771, $35.8543, $34.6
06/09/2010, $34.7428,213040094, $35.9243, $35.9857, $34.6414
06/08/2010, $35.6186,249904415, $36.1771, $36.2571, $35.0928
06/07/2010, $35.8486,221253336, $36.8986, $37.0214, $35.7928
06/04/2010, $36.5664,189045767, $36.8871, $37.4143, $36.3757
06/03/2010, $37.5886,162341809, $37.8828, $37.9357, $37.2014
06/02/2010, $37.7071,171594061, $37.7914, $37.8286, $37.1907
06/01/2010, $37.2614,218455576, $37.0986, $37.9914, $36.9943
05/28/2010, $36.6971,203645811, $37.0554, $37.0571, $36.1928
05/27/2010, $36.1928,165270400, $35.8, $36.27, $35.5871
05/26/2010, $34.8727,212125404, $35.7257, $36.0186, $34.8214
05/25/2010, $35.0314,261342838, $34.1928, $35.2514, $33.88
05/24/2010, $35.2514,188078156, $35.3257, $35.8428, $35.18
05/21/2010, $34.6171,305744272, $33.26, $34.9286, $33.05
05/20/2010, $33.9657,319497456, $34.5543, $34.8357, $33.7443
05/19/2010, $35.4771,256089547, $35.6428, $36.1314, $34.9786
05/18/2010, $36.0514,194856888, $36.7114, $36.9357, $35.7514
05/17/2010, $36.3171,190413707, $36.3857, $36.5971, $35.3871
05/14/2010, $36.26,189368537, $36.4521, $36.64, $35.6428
05/13/2010, $36.9086,149704075, $37.6028, $37.8571, $36.6286
05/12/2010, $37.4414,163385299, $37.035, $37.59, $36.9571
05/11/2010, $36.6457,212068004, $35.9771, $37.1271, $35.7857
05/10/2010, $36.2843,245539284, $35.75, $36.3786, $35.5043
05/07/2010, $33.6943,418562326, $34.8157, $35.2243, $32.1728
05/06/2010, $35.1786,319584886, $36.2614, $36.8928, $28.4643
05/05/2010, $36.5693,220353346, $36.1471, $36.8771, $35.5328
05/04/2010, $36.9543,180620564, $37.5557, $37.6128, $36.6786
05/03/2010, $38.05,113343684, $37.6914, $38.2686, $37.5543
04/30/2010, $37.2986,135421971, $38.4728, $38.6528, $37.2857
04/29/2010, $38.3771,139522502, $37.5743, $38.5714, $37.43
04/28/2010, $37.3714,189375537, $37.6071, $37.7143, $36.63
04/27/2010, $37.4343,176955713, $38.1814, $38.2628, $37.2171
04/26/2010, $38.5,119378876, $38.84, $38.9228, $38.3128
04/23/2010, $38.69,198906390, $38.2843, $38.8828, $38.1428
04/22/2010, $38.0671,197849809, $36.8914, $38.1071, $36.6
04/21/2010, $37.0314,245072944, $36.9721, $37.1786, $36.5328
04/20/2010, $34.9414,177792843, $35.5057, $35.6071, $34.7078
04/19/2010, $35.2957,141571402, $35.29, $35.4128, $34.5386
04/16/2010, $35.3428,187514026, $35.51, $35.8771, $34.9357
04/15/2010, $35.56,93876048, $35.1114, $35.5757, $35.0728
04/14/2010, $35.0986,100827750, $35.04, $35.1157, $34.8671
04/13/2010, $34.6328,76184103, $34.5514, $34.6857, $34.4443
04/12/2010, $34.6128,83236885, $34.6, $34.7243, $34.5443
04/09/2010, $34.5414,83443105, $34.49, $34.5557, $34.3514
04/08/2010, $34.2786,142899723, $34.3486, $34.5057, $34.0057
04/07/2010, $34.3714,156909177, $34.2457, $34.56, $34.0943
04/06/2010, $34.22,111431983, $34.0286, $34.32, $33.8571
04/05/2010, $34.07,170363601, $33.5678, $34.0728, $33.5386
04/01/2010, $33.71,150568295, $33.9271, $34.1043, $33.25
03/31/2010, $33.5714,107438412, $33.6414, $33.8014, $33.4943
03/30/2010, $33.6921,131326339, $33.8004, $33.9257, $33.4643
03/29/2010, $33.1986,130887089, $33.2857, $33.41, $33.0886
03/26/2010, $32.9857,159986658, $32.7071, $33.1357, $32.65
03/25/2010, $32.3786,135463131, $32.9886, $32.9957, $32.3214
03/24/2010, $32.7671,149419805, $32.52, $32.8857, $32.5014
03/23/2010, $32.6228,150384825, $32.2343, $32.6828, $32.0143
03/22/2010, $32.1071,113828294, $31.4957, $32.2857, $31.45
03/19/2010, $31.75,139669082, $32.1128, $32.1771, $31.6043
03/18/2010, $32.0928,85156076, $32.0143, $32.1428, $31.8014
03/17/2010, $32.0171,112501374, $32.1286, $32.35, $31.8957
03/16/2010, $32.0643,111581993, $32.0257, $32.14, $31.7871
03/15/2010, $31.9771,123005437, $32.1971, $32.2143, $31.4643
03/12/2010, $32.3714,103841951, $32.4814, $32.5328, $32.25
03/11/2010, $32.2143,101209110, $31.9871, $32.2143, $31.9028
03/10/2010, $32.12,148907755, $31.9757, $32.2114, $31.8857
03/09/2010, $31.86,229908139, $31.1871, $32.1428, $31.1271
03/08/2010, $31.2971,107326832, $31.43, $31.4414, $31.1786
03/05/2010, $31.2786,224647427, $30.7057, $31.3857, $30.6614
03/04/2010, $30.1014,89591907, $29.8971, $30.1314, $29.8043
03/03/2010, $29.9043,92846488, $29.8486, $29.9814, $29.7057
03/02/2010, $29.8357,141486282, $29.99, $30.1186, $29.6771
03/01/2010, $29.8557,137312041, $29.3928, $29.9286, $29.35
02/26/2010, $29.2314,126742668, $28.9114, $29.31, $28.8571
02/25/2010, $28.8571,166204690, $28.1971, $28.98, $28.1271
02/24/2010, $28.6651,115019695, $28.3186, $28.7771, $28.2628
02/23/2010, $28.1513,143761703, $28.5714, $28.7614, $27.9586
02/22/2010, $28.6308,97607889, $28.9057, $28.9286, $28.4557
02/19/2010, $28.81,103810451, $28.8371, $29.0286, $28.73
02/18/2010, $28.9897,105298302, $28.8043, $29.1271, $28.7028
02/17/2010, $28.9357,108691903, $29.17, $29.1871, $28.6943
02/16/2010, $29.0571,135631411, $28.8486, $29.0986, $28.7886
02/12/2010, $28.6257,160883708, $28.3014, $28.8057, $27.9286
02/11/2010, $28.3814,136569551, $27.84, $28.5357, $27.7228
02/10/2010, $27.8737,92309448, $27.9843, $28.0857, $27.7514
02/09/2010, $28.0271,158104077, $28.06, $28.2143, $27.8214
02/08/2010, $27.7314,119140456, $27.9557, $28.2686, $27.7143
02/05/2010, $27.9228,212342054, $27.5178, $28, $27.2643
02/04/2010, $27.4357,188974717, $28.1043, $28.3386, $27.3671
02/03/2010, $28.4614,153524396, $27.8814, $28.6, $27.7743
02/02/2010, $27.98,174456782, $27.9871, $28.0457, $27.6257
02/01/2010, $27.8186,186856796, $27.4814, $28, $27.3286
01/29/2010, $27.4376,311050273, $28.7257, $28.8857, $27.1786
01/28/2010, $28.47,292824088, $29.2757, $29.3571, $28.3857
01/27/2010, $29.6977,430233079, $29.55, $30.0828, $28.5044
01/26/2010, $29.42,464983189, $29.4214, $30.53, $28.94
01/25/2010, $29.0107,256160737, $28.93, $29.2428, $28.5986
01/22/2010, $28.25,219017256, $29.54, $29.6428, $28.1657
01/21/2010, $29.7246,151730436, $30.2971, $30.4734, $29.6014
01/20/2010, $30.2464,152695456, $30.7014, $30.7928, $29.9286
01/19/2010, $30.72,182179955, $29.7614, $30.7414, $29.6057
01/15/2010, $29.4186,148455485, $30.1328, $30.2286, $29.41
01/14/2010, $29.9186,108115592, $30.0157, $30.0657, $29.86
01/13/2010, $30.0928,151055775, $29.6957, $30.1328, $29.1571
01/12/2010, $29.6743,148302744, $29.8843, $29.9671, $29.4886
01/11/2010, $30.0157,115271835, $30.4, $30.4286, $29.7786
01/08/2010, $30.2828,111804664, $30.0428, $30.2857, $29.8657
01/07/2010, $30.0828,119094816, $30.25, $30.2857, $29.8643
01/06/2010, $30.1386,137494251, $30.6257, $30.7471, $30.1071
01/05/2010, $30.6257,150324555, $30.6571, $30.7986, $30.4643
01/04/2010, $30.5728,122786757, $30.49, $30.6428, $30.34
12/31/2009, $30.1046,87907426, $30.4471, $30.4786, $30.08
12/30/2009, $30.2343,102705781, $29.8328, $30.2857, $29.7586
12/29/2009, $29.8714,110755363, $30.3757, $30.3886, $29.8186
12/28/2009, $30.23,160784168, $30.2457, $30.5643, $29.9444
12/24/2009, $29.8628,125222058, $29.0786, $29.9071, $29.05
12/23/2009, $28.8714,86118086, $28.75, $28.9114, $28.6871
12/22/2009, $28.6228,87148416, $28.4914, $28.6928, $28.38
12/21/2009, $28.3186,152166116, $28.0071, $28.5357, $27.9528
